Automation_Risk,Required_Skills,Salary_USD,Automation_Risk_Encoded,Skill_Count,Has_AI_ML,Salary_Per_Skill,Job_Title_Cybersecurity Analyst,Job_Title_Data Scientist,Job_Title_HR Manager,Job_Title_Marketing Specialist,Job_Title_Operations Manager,Job_Title_Product Manager,Job_Title_Sales Manager,Job_Title_Software Engineer,Job_Title_UX Designer,Industry_Energy,Industry_Entertainment,Industry_Finance,Industry_Healthcare,Industry_Manufacturing,Industry_Retail,Industry_Technology,Industry_Telecommunications,Industry_Transportation,Company_Size_Medium,Company_Size_Small,Location_Dubai,Location_London,Location_New York,Location_Paris,Location_San Francisco,Location_Singapore,Location_Sydney,Location_Tokyo,Location_Toronto,AI_Adoption_Level_Low,AI_Adoption_Level_Medium,Remote_Friendly_Yes,Job_Growth_Projection_Growth,Job_Growth_Projection_Stable
High,UX/UI Design,111392.16524315962,2,1,0,55696.08262157981,True,False,False,False,False,False,False,False,False,False,True,False,False,False,False,False,False,False,False,True,True,False,False,False,False,False,False,False,False,False,True,True,True,False
High,Marketing,93792.56246610906,2,1,0,46896.28123305453,False,False,False,True,False,False,False,False,False,False,False,False,False,False,False,True,False,False,False,False,False,False,False,False,False,True,False,False,False,False,True,False,False,False
High,UX/UI Design,107170.26306894996,2,1,0,53585.13153447498,False,False,False,False,False,False,False,False,False,False,False,False,False,False,False,True,False,False,False,False,False,False,False,False,False,True,False,False,False,False,True,True,True,False
High,Project Management,93027.95375786416,2,1,0,46513.97687893208,False,False,False,False,False,False,True,False,False,False,False,False,False,False,True,False,False,False,False,True,False,False,False,False,False,False,False,False,False,True,False,False,True,False
Low,JavaScript,87752.92217059238,0,1,0,43876.46108529619,True,False,False,False,False,False,False,False,False,False,True,False,False,False,False,False,False,False,False,True,False,False,False,False,False,False,False,True,False,True,False,True,False,False
Medium,Cybersecurity,102825.0078665678,1,1,0,51412.5039332839,False,False,False,False,False,False,False,False,True,False,False,False,False,False,False,False,False,False,False,False,False,False,False,False,True,False,False,False,False,False,True,False,True,False
High,Sales,102065.72067347592,2,1,0,51032.86033673796,False,False,True,False,False,False,False,False,False,False,False,True,False,False,False,False,False,False,True,False,False,False,False,False,False,True,False,False,False,True,False,True,True,False
Low,Machine Learning,86607.3176180969,0,1,1,43303.65880904845,True,False,False,False,False,False,False,False,False,False,False,False,False,False,False,True,False,False,False,True,True,False,False,False,False,False,False,False,False,False,True,True,False,False
Low,JavaScript,75015.86084571481,0,1,0,37507.930422857404,False,False,False,False,False,False,False,False,False,False,False,False,False,False,True,False,False,False,False,False,False,True,False,False,False,False,False,False,False,False,False,False,False,True
Low,Cybersecurity,96834.57829480869,0,1,0,48417.28914740434,False,False,False,False,False,False,True,False,False,False,True,False,False,False,False,False,False,False,True,False,False,False,False,False,False,True,False,False,False,False,False,True,False,False
High,Python,91566.97337925188,2,1,1,45783.48668962594,False,False,False,True,False,False,False,False,False,False,False,True,False,False,False,False,False,False,False,True,False,True,False,False,False,False,False,False,False,False,False,True,True,False
High,UX/UI Design,78902.56574458485,2,1,0,39451.282872292424,False,False,False,False,False,False,False,False,False,False,True,False,False,False,False,False,False,False,True,False,False,False,False,False,False,True,False,False,False,False,True,False,True,False
Medium,Python,73151.99034926406,1,1,1,36575.99517463203,False,False,False,False,False,False,False,False,False,False,False,False,False,False,False,False,False,True,False,False,False,False,False,False,True,False,False,False,False,False,False,True,True,False
High,Cybersecurity,98209.51687788912,2,1,0,49104.75843894456,False,False,True,False,False,False,False,False,False,False,False,False,False,False,True,False,False,False,False,True,False,False,False,True,False,False,False,False,False,True,False,True,False,False
High,JavaScript,101001.90114055388,2,1,0,50500.95057027694,False,False,False,False,False,True,False,False,False,False,False,True,False,False,False,False,False,False,True,False,False,False,False,False,False,True,False,False,False,False,False,True,True,False
Low,UX/UI Design,82799.35770690278,0,1,0,41399.67885345139,False,False,False,False,False,False,True,False,False,False,False,False,False,False,False,False,True,False,False,True,True,False,False,False,False,False,False,False,False,False,False,False,True,False
Medium,Machine Learning,78401.25928174148,1,1,1,39200.62964087074,False,False,False,False,False,False,False,True,False,False,False,False,False,True,False,False,False,False,True,False,False,False,False,False,False,True,False,False,False,False,False,False,False,False
High,Project Management,73394.89621925619,2,1,0,36697.448109628094,False,False,False,False,False,False,False,False,False,False,False,False,False,True,False,False,False,False,False,False,False,False,False,False,False,False,False,True,False,True,False,False,False,True
High,UX/UI Design,97645.09878289838,2,1,0,48822.54939144919,False,False,False,False,False,True,False,False,False,False,False,True,False,False,False,False,False,False,False,False,False,False,False,False,True,False,False,False,False,False,True,True,False,True
Low,UX/UI Design,73920.45852718527,0,1,0,36960.229263592635,False,False,False,False,False,False,False,True,False,False,True,False,False,False,False,False,False,False,False,True,True,False,False,False,False,False,False,False,False,True,False,True,True,False
Low,JavaScript,134822.69138041462,0,1,0,67411.34569020731,False,False,False,False,False,False,True,False,False,False,False,False,False,False,True,False,False,False,True,False,False,False,False,False,False,False,True,False,False,False,True,True,False,False
High,JavaScript,81794.37128058006,2,1,0,40897.18564029003,False,True,False,False,False,False,False,False,False,False,False,False,False,True,False,False,False,False,False,True,True,False,False,False,False,False,False,False,False,False,True,True,True,False
Medium,Cybersecurity,41495.71444254798,1,1,0,20747.85722127399,False,False,False,False,False,False,False,False,True,False,False,False,False,False,True,False,False,False,False,True,False,False,False,False,False,False,False,True,False,False,False,False,False,False
Medium,Data Analysis,89396.5666674173,1,1,0,44698.28333370865,False,False,False,False,False,True,False,False,False,False,False,False,False,True,False,False,False,False,True,False,False,False,False,True,False,False,False,False,False,False,True,True,False,False
Low,UX/UI Design,88539.33040362394,0,1,0,44269.66520181197,False,False,False,False,True,False,False,False,False,False,False,False,False,False,False,False,False,True,True,False,False,False,False,False,True,False,False,False,False,True,False,True,False,True
Low,Sales,112234.37135048377,0,1,0,56117.18567524188,False,True,False,False,False,False,False,False,False,False,True,False,False,False,False,False,False,False,True,False,False,False,False,False,False,False,True,False,False,True,False,True,False,True
High,UX/UI Design,95762.52473455408,2,1,0,47881.26236727704,False,False,False,False,False,False,False,False,True,False,False,False,False,False,False,False,False,True,False,False,False,False,False,False,False,False,False,True,False,False,True,False,False,False
Low,Cybersecurity,73323.29633120395,0,1,0,36661.648165601975,False,False,True,False,False,False,False,False,False,False,False,False,False,True,False,False,False,False,False,True,False,False,False,False,False,False,False,True,False,False,False,True,True,False
High,Marketing,84272.16253006447,2,1,0,42136.08126503223,True,False,False,False,False,False,False,False,False,False,False,False,False,False,False,False,True,False,False,True,False,False,True,False,False,False,False,False,False,False,False,True,False,True
Medium,Python,96548.39543301976,1,1,1,48274.19771650988,False,False,False,True,False,False,False,False,False,False,False,False,False,False,False,False,True,False,False,False,False,False,False,False,True,False,False,False,False,True,False,True,True,False
Medium,Project Management,46705.714993791786,1,1,0,23352.857496895893,False,False,False,False,True,False,False,False,False,False,False,False,False,False,False,False,False,True,True,False,True,False,False,False,False,False,False,False,False,False,False,True,False,True
High,Data Analysis,116772.434687809,2,1,0,58386.2173439045,False,False,True,False,False,False,False,False,False,False,False,False,False,False,False,False,True,False,False,False,False,True,False,False,False,False,False,False,False,False,True,True,False,True
Low,Machine Learning,73376.6022839067,0,1,1,36688.30114195335,False,False,False,False,False,False,True,False,False,False,False,False,False,True,False,False,False,False,False,False,False,False,False,True,False,False,False,False,False,False,True,False,True,False
Medium,Machine Learning,118340.87641895234,1,1,1,59170.43820947617,False,False,True,False,False,False,False,False,False,False,False,True,False,False,False,False,False,False,False,False,False,True,False,False,False,False,False,False,False,True,False,True,False,True
Low,Machine Learning,97849.30282253175,0,1,1,48924.65141126588,True,False,False,False,False,False,False,False,False,False,False,False,False,False,False,False,False,True,False,True,True,False,False,False,False,False,False,False,False,False,True,True,False,True
Medium,JavaScript,102591.88272787948,1,1,0,51295.94136393974,False,False,False,False,False,False,True,False,False,False,False,False,True,False,False,False,False,False,False,False,True,False,False,False,False,False,False,False,False,True,False,True,True,False
High,Machine Learning,112988.46872002544,2,1,1,56494.23436001272,False,False,False,False,True,False,False,False,False,False,True,False,False,False,False,False,False,False,False,True,False,False,False,False,True,False,False,False,False,False,True,True,False,True
High,Project Management,101462.64105384996,2,1,0,50731.32052692498,True,False,False,False,False,False,False,False,False,False,False,False,False,False,False,False,True,False,False,True,True,False,False,False,False,False,False,False,False,True,False,True,False,True
High,Python,103457.72432634902,2,1,1,51728.86216317451,False,False,False,False,False,False,False,True,False,False,False,False,False,False,False,False,True,False,False,True,False,False,True,False,False,False,False,False,False,False,False,True,False,True
Medium,Machine Learning,86711.67119077238,1,1,1,43355.83559538619,False,False,False,True,False,False,False,False,False,False,False,False,False,False,False,True,False,False,True,False,False,False,False,False,False,False,True,False,False,False,True,True,True,False
Low,UX/UI Design,97443.3736294419,0,1,0,48721.68681472095,False,False,False,False,True,False,False,False,False,False,False,False,False,False,False,False,False,False,False,True,True,False,False,False,False,False,False,False,False,False,True,True,False,False
Low,UX/UI Design,78250.04370056515,0,1,0,39125.021850282574,False,False,False,False,False,False,False,True,False,False,False,False,False,False,False,False,False,True,False,True,False,True,False,False,False,False,False,False,False,True,False,True,True,False
Low,JavaScript,83131.77800824065,0,1,0,41565.88900412033,False,False,False,False,False,False,False,False,True,True,False,False,False,False,False,False,False,False,True,False,True,False,False,False,False,False,False,False,False,True,False,True,False,False
Medium,Project Management,129293.90095937817,1,1,0,64646.95047968908,False,False,False,False,True,False,False,False,False,False,False,False,False,False,False,False,True,False,False,True,False,False,True,False,False,False,False,False,False,False,True,False,False,True
Medium,Python,73836.12829899156,1,1,1,36918.06414949578,False,False,False,False,False,False,False,False,True,False,True,False,False,False,False,False,False,False,False,False,False,False,False,False,False,True,False,False,False,True,False,False,False,False
Medium,Data Analysis,93086.3425327256,1,1,0,46543.1712663628,False,False,False,False,False,False,True,False,False,False,False,False,True,False,False,False,False,False,False,False,False,False,False,False,False,True,False,False,False,False,True,False,True,False
Medium,Cybersecurity,92269.38073430952,1,1,0,46134.69036715476,False,False,False,False,False,False,False,True,False,False,False,False,False,False,False,False,True,False,False,True,False,False,False,False,False,False,False,True,False,False,False,False,True,False
Medium,Python,83784.91056438402,1,1,1,41892.45528219201,False,False,False,True,False,False,False,False,False,False,False,False,True,False,False,False,False,False,True,False,False,False,False,True,False,False,False,False,False,True,False,True,False,True
Low,Cybersecurity,100288.01873140877,0,1,0,50144.00936570438,True,False,False,False,False,False,False,False,False,False,False,False,False,True,False,False,False,False,False,False,False,False,False,False,False,False,False,False,False,False,True,False,False,False
Medium,Marketing,101794.44185482766,1,1,0,50897.22092741383,False,False,False,False,False,False,False,False,False,False,False,False,False,True,False,False,False,False,True,False,False,False,False,False,False,False,True,False,False,False,False,False,False,True
Medium,Cybersecurity,71483.61633704841,1,1,0,35741.80816852421,False,False,True,False,False,False,False,False,False,False,False,False,False,False,False,False,False,False,True,False,False,False,False,False,False,False,False,False,True,False,False,True,False,True
Low,Sales,92027.13423093104,0,1,0,46013.56711546552,False,True,False,False,False,False,False,False,False,False,False,True,False,False,False,False,False,False,False,False,False,False,False,False,False,False,False,True,False,False,True,False,True,False
Medium,UX/UI Design,68352.65322455287,1,1,0,34176.32661227643,False,False,False,True,False,False,False,False,False,True,False,False,False,False,False,False,False,False,True,False,False,False,False,True,False,False,False,False,False,True,False,False,False,False
Low,Project Management,105770.97236634602,0,1,0,52885.48618317301,False,False,False,False,False,False,False,True,False,False,False,False,False,False,False,True,False,False,False,False,False,False,False,False,False,True,False,False,False,False,True,True,False,False
Low,Communication,93529.74620725252,0,1,0,46764.87310362626,False,False,False,False,False,False,False,False,False,False,False,False,False,False,False,False,False,False,True,False,False,True,False,False,False,False,False,False,False,False,False,True,False,False
High,JavaScript,91646.59773434176,2,1,0,45823.29886717088,False,False,False,True,False,False,False,False,False,False,False,False,False,False,True,False,False,False,False,False,False,False,False,False,False,False,False,False,True,False,True,True,False,False
High,Sales,103180.62697744806,2,1,0,51590.31348872403,False,False,False,False,False,False,False,True,False,False,False,False,False,False,False,True,False,False,False,True,False,False,False,True,False,False,False,False,False,True,False,False,False,True
High,Cybersecurity,84489.79419063198,2,1,0,42244.89709531599,False,False,False,False,False,True,False,False,False,False,False,False,False,False,False,False,False,True,False,False,False,False,False,True,False,False,False,False,False,False,False,False,False,True
High,Machine Learning,108280.43918436408,2,1,1,54140.21959218204,False,False,False,False,False,True,False,False,False,False,True,False,False,False,False,False,False,False,False,False,False,False,False,False,False,False,False,True,False,False,True,True,True,False
Medium,Project Management,71031.10254487729,1,1,0,35515.55127243864,False,False,False,False,False,False,False,False,True,False,False,False,False,False,True,False,False,False,False,False,False,False,False,False,False,False,False,False,True,True,False,True,False,True
High,Sales,118237.53037789057,2,1,0,59118.76518894528,False,False,False,True,False,False,False,False,False,False,False,False,False,False,True,False,False,False,False,False,False,False,False,False,True,False,False,False,False,False,False,False,False,True
Low,JavaScript,78981.77634890293,0,1,0,39490.888174451466,False,False,False,False,False,True,False,False,False,False,False,False,False,False,False,False,False,False,True,False,False,False,False,False,False,False,False,False,False,True,False,True,True,False
Medium,UX/UI Design,56076.41864608825,1,1,0,28038.209323044124,False,False,False,False,False,False,False,True,False,False,False,True,False,False,False,False,False,False,False,True,False,False,False,False,True,False,False,False,False,False,False,False,True,False
High,Project Management,83429.30183074536,2,1,0,41714.65091537268,False,False,False,False,False,False,False,False,True,False,False,False,False,False,False,False,False,False,False,False,False,False,False,False,False,False,False,False,True,False,True,True,True,False
Low,JavaScript,81160.63605491581,0,1,0,40580.318027457906,False,False,False,False,False,False,False,True,False,False,False,False,False,False,False,False,False,True,True,False,False,False,False,False,True,False,False,False,False,True,False,True,False,True
Medium,Marketing,83278.52027699928,1,1,0,41639.26013849964,False,False,False,False,False,False,False,False,True,False,False,False,False,False,False,False,True,False,False,True,False,False,True,False,False,False,False,False,False,False,False,False,False,True
Medium,Marketing,94632.96030967963,1,1,0,47316.48015483982,False,False,False,True,False,False,False,False,False,False,False,False,False,False,False,False,True,False,False,True,False,False,False,False,False,True,False,False,False,True,False,True,True,False
High,JavaScript,111956.84721776543,2,1,0,55978.42360888272,False,False,False,False,False,False,False,False,False,False,False,True,False,False,False,False,False,False,False,True,False,False,True,False,False,False,False,False,False,True,False,True,True,False
Medium,Sales,86165.88172205727,1,1,0,43082.940861028634,True,False,False,False,False,False,False,False,False,False,False,False,False,False,False,False,False,True,False,True,True,False,False,False,False,False,False,False,False,False,True,True,True,False
Low,Project Management,76167.64860362199,0,1,0,38083.82430181099,False,False,False,False,True,False,False,False,False,False,False,True,False,False,False,False,False,False,False,False,False,False,False,False,True,False,False,False,False,True,False,False,False,True
Medium,Sales,67469.06375432406,1,1,0,33734.53187716203,False,False,False,False,False,False,False,False,False,False,False,False,True,False,False,False,False,False,False,False,True,False,False,False,False,False,False,False,False,False,False,True,False,True
Low,Data Analysis,80636.34417381912,0,1,0,40318.17208690956,False,False,False,False,False,False,True,False,False,False,False,False,False,False,False,False,True,False,True,False,False,True,False,False,False,False,False,False,False,False,False,True,False,False
Medium,Cybersecurity,52243.50321499295,1,1,0,26121.751607496473,False,False,False,False,False,False,False,True,False,False,False,False,False,False,True,False,False,False,True,False,False,False,False,False,False,False,True,False,False,False,False,True,False,True
High,Data Analysis,75497.33812967277,2,1,0,37748.66906483639,False,False,False,False,False,False,True,False,False,True,False,False,False,False,False,False,False,False,True,False,False,True,False,False,False,False,False,False,False,False,False,True,False,True
Low,Marketing,114881.07791724372,0,1,0,57440.53895862186,False,False,False,False,False,False,False,False,False,False,True,False,False,False,False,False,False,False,False,True,False,False,False,False,False,False,False,False,True,False,True,True,False,True
Medium,UX/UI Design,73532.81590843154,1,1,0,36766.40795421577,False,False,False,False,False,False,False,False,True,False,False,False,False,False,False,False,False,True,False,True,False,False,False,True,False,False,False,False,False,True,False,True,True,False
Medium,Python,102574.31721600612,1,1,1,51287.15860800306,False,False,False,False,True,False,False,False,False,False,False,False,False,False,False,True,False,False,False,False,False,False,False,False,False,True,False,False,False,False,True,False,False,True
Medium,Cybersecurity,65470.358203830205,1,1,0,32735.179101915102,False,False,False,False,True,False,False,False,False,False,False,True,False,False,False,False,False,False,False,True,False,False,False,False,True,False,False,False,False,True,False,False,True,False
Low,Marketing,125421.91798621108,0,1,0,62710.95899310554,False,True,False,False,False,False,False,False,False,False,True,False,False,False,False,False,False,False,False,True,False,False,False,False,False,False,False,True,False,True,False,True,False,False
Low,Sales,126752.1346612942,0,1,0,63376.0673306471,False,False,False,False,True,False,False,False,False,False,False,False,False,False,False,True,False,False,False,True,False,False,False,False,False,False,True,False,False,True,False,False,False,False
Low,Sales,101820.43113119752,0,1,0,50910.21556559876,True,False,False,False,False,False,False,False,False,False,True,False,False,False,False,False,False,False,True,False,False,False,False,False,False,False,False,False,False,False,True,False,True,False
High,Sales,129825.05203287044,2,1,0,64912.52601643522,False,False,False,False,True,False,False,False,False,True,False,False,False,False,False,False,False,False,True,False,False,False,False,False,False,False,False,False,False,True,False,True,True,False
High,UX/UI Design,97115.85949855324,2,1,0,48557.92974927662,False,False,False,False,False,False,False,False,False,False,False,False,False,False,False,True,False,False,False,False,False,False,False,False,False,False,False,False,False,False,True,False,True,False
Low,Data Analysis,105370.34228299111,0,1,0,52685.17114149556,False,True,False,False,False,False,False,False,False,False,False,False,False,False,False,False,False,False,False,True,False,False,False,False,True,False,False,False,False,False,False,False,False,True
Medium,Python,115238.6775346307,1,1,1,57619.33876731535,False,False,False,False,False,False,False,False,False,False,False,False,False,True,False,False,False,False,False,True,False,False,False,False,False,False,False,False,False,False,False,False,False,False
High,Sales,93594.369061969,2,1,0,46797.1845309845,False,False,False,False,False,False,False,False,False,False,False,False,False,False,False,False,False,False,False,False,False,False,True,False,False,False,False,False,False,True,False,False,True,False
Low,Communication,58952.450768298775,0,1,0,29476.225384149388,False,False,True,False,False,False,False,False,False,False,False,False,False,False,False,False,True,False,False,True,False,False,False,False,False,False,True,False,False,False,True,False,False,True
Medium,Cybersecurity,105779.26710468795,1,1,0,52889.63355234398,False,True,False,False,False,False,False,False,False,False,False,False,False,True,False,False,False,False,False,True,False,False,True,False,False,False,False,False,False,False,False,False,False,False
High,Project Management,80562.80811133073,2,1,0,40281.40405566536,False,False,False,False,False,False,False,False,False,False,False,False,False,False,False,False,False,False,True,False,False,False,False,True,False,False,False,False,False,False,True,False,False,True
Medium,Communication,82049.4035808908,1,1,0,41024.7017904454,False,False,True,False,False,False,False,False,False,False,False,False,False,True,False,False,False,False,False,False,False,False,False,False,False,False,True,False,False,False,True,False,False,False
Medium,Python,95957.8983295738,1,1,1,47978.9491647869,False,False,True,False,False,False,False,False,False,False,False,False,False,True,False,False,False,False,False,False,False,False,True,False,False,False,False,False,False,True,False,True,False,True
Medium,UX/UI Design,101325.6175943474,1,1,0,50662.8087971737,False,True,False,False,False,False,False,False,False,False,False,False,False,False,True,False,False,False,False,False,False,False,False,False,False,False,True,False,False,False,False,True,False,False
Medium,Python,93002.69268012435,1,1,1,46501.34634006218,False,False,False,False,False,False,True,False,False,False,False,True,False,False,False,False,False,False,False,False,False,False,False,True,False,False,False,False,False,True,False,False,False,False
High,Project Management,102714.59072314618,2,1,0,51357.29536157309,False,False,False,False,False,False,False,False,True,False,False,True,False,False,False,False,False,False,True,False,True,False,False,False,False,False,False,False,False,True,False,False,False,True
High,Cybersecurity,75862.85731879607,2,1,0,37931.428659398036,True,False,False,False,False,False,False,False,False,False,False,False,False,False,True,False,False,False,True,False,False,False,False,False,True,False,False,False,False,False,False,True,True,False
High,Project Management,89145.92410553433,2,1,0,44572.962052767165,False,False,False,False,False,False,False,False,True,False,True,False,False,False,False,False,False,False,False,True,False,False,False,False,True,False,False,False,False,False,False,False,False,False
Low,JavaScript,106981.70900901742,0,1,0,53490.85450450871,False,False,False,False,True,False,False,False,False,False,False,False,True,False,False,False,False,False,False,True,False,False,False,False,False,False,False,False,False,False,True,False,True,False
High,Cybersecurity,125455.82352873433,2,1,0,62727.91176436716,True,False,False,False,False,False,False,False,False,False,True,False,False,False,False,False,False,False,False,True,False,True,False,False,False,False,False,False,False,False,False,True,False,True
Medium,Python,132528.71177946418,1,1,1,66264.35588973209,False,False,False,False,True,False,False,False,False,False,False,False,False,False,False,True,False,False,False,True,False,False,False,False,False,False,False,False,False,False,True,True,True,False
High,Sales,98659.53365455465,2,1,0,49329.76682727732,False,False,False,False,False,False,False,False,False,False,False,False,False,False,False,True,False,False,True,False,False,False,False,False,False,False,False,False,True,False,True,True,True,False
Medium,Python,106800.19653491216,1,1,1,53400.09826745608,False,False,False,False,False,False,False,True,False,False,False,False,False,True,False,False,False,False,False,False,False,False,True,False,False,False,False,False,False,False,True,False,True,False
Low,Python,129631.5832963038,0,1,1,64815.7916481519,False,True,False,False,False,False,False,False,False,False,False,False,False,False,False,False,False,False,True,False,False,False,False,False,False,False,True,False,False,False,False,False,True,False
Medium,Cybersecurity,76583.27926533011,1,1,0,38291.63963266506,True,False,False,False,False,False,False,False,False,False,False,False,False,False,False,False,False,False,False,True,False,True,False,False,False,False,False,False,False,True,False,True,True,False
Medium,JavaScript,102593.99705425168,1,1,0,51296.99852712584,True,False,False,False,False,False,False,False,False,False,False,True,False,False,False,False,False,False,True,False,False,False,False,True,False,False,False,False,False,False,True,True,False,False
Medium,Python,105366.85898972292,1,1,1,52683.42949486146,False,False,False,False,False,False,False,False,False,False,False,False,False,False,False,False,False,True,False,False,False,False,False,False,False,False,False,False,True,True,False,False,False,False
Low,Communication,118957.22872153488,0,1,0,59478.61436076744,False,False,False,False,False,False,True,False,False,False,True,False,False,False,False,False,False,False,False,False,False,False,False,True,False,False,False,False,False,True,False,True,False,False
High,Marketing,67257.17238927555,2,1,0,33628.58619463778,False,False,True,False,False,False,False,False,False,False,False,False,False,False,False,False,True,False,True,False,False,False,False,False,True,False,False,False,False,False,False,False,False,True
High,Machine Learning,71211.88432398967,2,1,1,35605.94216199483,False,False,False,False,False,False,False,False,False,True,False,False,False,False,False,False,False,False,True,False,False,False,False,False,True,False,False,False,False,True,False,False,True,False
Low,Machine Learning,90427.64422209412,0,1,1,45213.82211104706,False,False,False,False,False,True,False,False,False,False,False,False,False,False,False,False,False,False,True,False,False,False,False,False,False,False,False,False,False,True,False,True,False,False
Medium,Python,97554.55324643273,1,1,1,48777.27662321636,False,False,True,False,False,False,False,False,False,True,False,False,False,False,False,False,False,False,False,True,False,False,True,False,False,False,False,False,False,False,False,True,False,True
High,Communication,112457.27907467616,2,1,0,56228.63953733808,False,True,False,False,False,False,False,False,False,False,False,False,False,True,False,False,False,False,True,False,False,True,False,False,False,False,False,False,False,False,True,False,False,False
Low,Sales,100350.87551624542,0,1,0,50175.43775812271,False,False,True,False,False,False,False,False,False,True,False,False,False,False,False,False,False,False,True,False,False,False,False,False,False,True,False,False,False,True,False,True,False,False
High,UX/UI Design,86971.73539779433,2,1,0,43485.867698897164,False,False,False,False,False,False,True,False,False,False,False,False,False,False,False,False,True,False,True,False,False,False,False,False,False,False,False,False,True,False,False,True,True,False
Low,UX/UI Design,98329.2288951228,0,1,0,49164.6144475614,False,False,True,False,False,False,False,False,False,False,False,False,False,False,True,False,False,False,False,False,False,False,False,False,False,False,False,False,True,True,False,True,False,True
Medium,Cybersecurity,96020.88952548904,1,1,0,48010.44476274452,False,True,False,False,False,False,False,False,False,False,False,False,False,False,False,False,True,False,False,False,False,False,False,False,False,False,False,False,False,True,False,True,True,False
High,Machine Learning,124900.32859975575,2,1,1,62450.16429987788,False,False,False,False,False,False,True,False,False,True,False,False,False,False,False,False,False,False,False,True,False,False,False,False,True,False,False,False,False,False,True,False,True,False
Low,Python,93313.17887137063,0,1,1,46656.58943568532,False,False,False,False,False,False,False,False,True,False,False,False,False,False,False,False,True,False,False,True,False,False,False,False,False,False,False,False,False,True,False,False,False,False
High,UX/UI Design,82338.33172894873,2,1,0,41169.165864474366,True,False,False,False,False,False,False,False,False,False,False,False,True,False,False,False,False,False,False,False,False,False,False,False,False,False,True,False,False,False,False,False,True,False
High,Python,98992.1806014366,2,1,1,49496.0903007183,True,False,False,False,False,False,False,False,False,False,False,False,False,True,False,False,False,False,False,False,False,True,False,False,False,False,False,False,False,True,False,False,False,True
High,Cybersecurity,93969.70638677065,2,1,0,46984.85319338532,False,False,False,False,True,False,False,False,False,False,True,False,False,False,False,False,False,False,False,False,False,False,True,False,False,False,False,False,False,False,True,True,True,False
High,Machine Learning,58580.13288650656,2,1,1,29290.06644325328,False,False,False,False,False,False,False,False,True,False,False,False,False,False,True,False,False,False,True,False,True,False,False,False,False,False,False,False,False,False,True,True,True,False
Low,Project Management,89686.95876755661,0,1,0,44843.47938377831,False,False,False,False,False,False,False,False,True,False,False,False,False,False,False,False,False,False,True,False,False,False,False,False,False,False,False,True,False,False,False,False,True,False
Medium,Marketing,87985.23509187989,1,1,0,43992.617545939946,False,False,True,False,False,False,False,False,False,False,False,False,False,False,False,True,False,False,False,False,False,False,False,False,False,False,False,True,False,False,True,False,False,False
Low,Marketing,79122.56268441367,0,1,0,39561.281342206836,True,False,False,False,False,False,False,False,False,False,True,False,False,False,False,False,False,False,True,False,False,False,False,False,False,False,False,False,False,True,False,True,False,True
Low,UX/UI Design,110711.66575245943,0,1,0,55355.83287622972,False,True,False,False,False,False,False,False,False,False,False,False,False,False,False,True,False,False,True,False,False,False,False,False,False,False,True,False,False,False,True,False,False,False
Low,Marketing,74286.40806776009,0,1,0,37143.20403388004,False,False,False,True,False,False,False,False,False,False,False,False,False,True,False,False,False,False,False,True,False,True,False,False,False,False,False,False,False,False,False,False,False,False
Medium,Project Management,99112.37239049075,1,1,0,49556.18619524538,False,False,False,True,False,False,False,False,False,False,False,False,False,False,True,False,False,False,False,False,False,False,False,False,False,True,False,False,False,False,True,True,False,False
High,Python,87042.86000312539,2,1,1,43521.430001562694,False,False,False,False,False,False,True,False,False,False,False,True,False,False,False,False,False,False,False,False,False,False,False,False,False,False,False,True,False,False,True,False,False,False
High,Cybersecurity,92153.90011293563,2,1,0,46076.95005646782,True,False,False,False,False,False,False,False,False,False,False,False,False,False,False,False,False,False,True,False,False,True,False,False,False,False,False,False,False,False,True,True,False,False
High,Project Management,98235.72582091736,2,1,0,49117.86291045868,True,False,False,False,False,False,False,False,False,False,False,False,True,False,False,False,False,False,False,False,False,False,True,False,False,False,False,False,False,False,False,True,False,True
Medium,Cybersecurity,63848.51232217997,1,1,0,31924.256161089987,False,False,False,True,False,False,False,False,False,False,False,True,False,False,False,False,False,False,False,True,False,False,False,True,False,False,False,False,False,False,True,False,True,False
High,Cybersecurity,93833.21783469566,2,1,0,46916.60891734783,True,False,False,False,False,False,False,False,False,False,False,False,False,True,False,False,False,False,False,True,False,False,False,False,False,False,True,False,False,False,True,True,False,False
Medium,Machine Learning,135778.94979426413,1,1,1,67889.47489713207,False,False,True,False,False,False,False,False,False,False,True,False,False,False,False,False,False,False,False,True,False,False,False,False,True,False,False,False,False,True,False,False,False,False
High,Python,58864.73308242552,2,1,1,29432.36654121276,False,False,False,False,False,True,False,False,False,False,False,False,True,False,False,False,False,False,False,False,False,True,False,False,False,False,False,False,False,False,False,True,False,True
High,Communication,88847.84072568991,2,1,0,44423.920362844954,False,False,False,False,False,False,False,True,False,False,False,False,False,False,False,False,True,False,False,False,False,False,True,False,False,False,False,False,False,False,True,False,False,True
Low,Marketing,112464.7864964764,0,1,0,56232.3932482382,False,False,False,False,False,False,False,False,True,True,False,False,False,False,False,False,False,False,False,False,False,False,False,False,False,True,False,False,False,False,False,False,True,False
Medium,Communication,96032.38495907192,1,1,0,48016.19247953596,False,False,False,False,True,False,False,False,False,False,False,False,True,False,False,False,False,False,False,False,True,False,False,False,False,False,False,False,False,False,True,False,False,True
Low,Machine Learning,103759.33904232067,0,1,1,51879.66952116034,False,False,False,False,False,False,True,False,False,False,False,False,False,True,False,False,False,False,False,False,False,False,False,False,True,False,False,False,False,False,True,True,True,False
Low,Cybersecurity,42486.67977814768,0,1,0,21243.33988907384,False,False,False,False,False,True,False,False,False,False,False,False,False,False,False,False,False,True,False,True,True,False,False,False,False,False,False,False,False,False,True,True,False,False
Low,UX/UI Design,101964.987492599,0,1,0,50982.4937462995,False,False,False,True,False,False,False,False,False,True,False,False,False,False,False,False,False,False,True,False,False,False,False,False,False,True,False,False,False,True,False,False,False,False
Medium,Marketing,74766.23587532803,1,1,0,37383.117937664014,False,False,False,False,False,False,False,False,True,False,False,False,False,False,False,True,False,False,False,True,False,False,True,False,False,False,False,False,False,True,False,True,True,False
Medium,Marketing,96197.54569166292,1,1,0,48098.77284583146,True,False,False,False,False,False,False,False,False,False,False,False,False,False,False,False,False,False,False,False,False,False,False,False,False,False,False,True,False,True,False,False,False,True
High,Python,89411.30538181018,2,1,1,44705.65269090509,False,False,False,False,True,False,False,False,False,False,False,False,False,False,False,True,False,False,False,True,True,False,False,False,False,False,False,False,False,False,False,False,True,False
Low,JavaScript,135566.66058323265,0,1,0,67783.33029161632,True,False,False,False,False,False,False,False,False,False,False,False,True,False,False,False,False,False,False,False,False,False,False,False,True,False,False,False,False,False,False,True,False,True
High,Data Analysis,100933.9064753175,2,1,0,50466.95323765875,False,True,False,False,False,False,False,False,False,False,False,False,False,False,False,True,False,False,False,False,False,False,False,False,False,False,False,False,False,True,False,False,False,False
Low,Data Analysis,87747.52341474428,0,1,0,43873.76170737214,False,True,False,False,False,False,False,False,False,False,False,False,False,True,False,False,False,False,False,True,False,False,False,False,False,False,False,False,True,False,False,True,False,True
Medium,Data Analysis,59806.144814928906,1,1,0,29903.072407464453,False,False,False,False,True,False,False,False,False,False,False,False,False,False,False,False,True,False,False,False,False,True,False,False,False,False,False,False,False,False,True,False,True,False
Medium,JavaScript,92422.93803699792,1,1,0,46211.46901849896,False,False,False,False,True,False,False,False,False,False,True,False,False,False,False,False,False,False,True,False,False,False,False,False,False,False,False,True,False,False,True,True,True,False
Medium,Python,106464.57756693644,1,1,1,53232.28878346822,False,False,False,True,False,False,False,False,False,False,False,False,False,False,False,False,False,False,False,False,True,False,False,False,False,False,False,False,False,False,True,False,False,False
Low,JavaScript,88388.96216361554,0,1,0,44194.48108180777,False,False,False,False,True,False,False,False,False,False,False,False,False,False,False,True,False,False,True,False,False,False,False,True,False,False,False,False,False,True,False,False,False,True
Medium,Data Analysis,79886.87280125119,1,1,0,39943.43640062559,False,False,True,False,False,False,False,False,False,False,False,False,False,False,False,True,False,False,True,False,False,True,False,False,False,False,False,False,False,False,False,True,False,True
Low,Machine Learning,78548.26672307363,0,1,1,39274.13336153681,True,False,False,False,False,False,False,False,False,False,False,False,True,False,False,False,False,False,False,False,False,False,False,False,False,False,False,False,False,True,False,False,False,True
High,Project Management,100702.8287091064,2,1,0,50351.4143545532,False,False,False,False,False,True,False,False,False,False,True,False,False,False,False,False,False,False,False,True,False,False,False,False,False,True,False,False,False,False,False,False,False,False
Low,Cybersecurity,105187.75878618314,0,1,0,52593.87939309157,False,False,False,False,False,False,False,False,False,False,False,True,False,False,False,False,False,False,True,False,False,False,False,False,False,False,False,False,True,False,True,True,False,True
High,JavaScript,117224.20230642238,2,1,0,58612.10115321119,False,False,False,False,True,False,False,False,False,False,False,False,False,False,False,True,False,False,False,True,False,False,True,False,False,False,False,False,False,True,False,False,True,False
Low,Python,70100.00213579283,0,1,1,35050.00106789642,False,False,False,False,False,False,True,False,False,False,False,False,False,True,False,False,False,False,True,False,False,False,False,False,False,False,False,False,False,False,False,True,False,True
High,Python,100519.55116835234,2,1,1,50259.77558417617,False,True,False,False,False,False,False,False,False,False,False,False,False,False,False,False,False,True,False,False,False,False,False,False,False,False,False,False,False,False,False,False,False,False
Medium,Communication,87565.92091164265,1,1,0,43782.960455821325,False,False,True,False,False,False,False,False,False,False,False,False,False,False,False,False,False,False,False,False,False,False,False,False,False,True,False,False,False,False,True,True,False,True
High,Project Management,88155.31590733438,2,1,0,44077.65795366719,False,False,False,False,False,False,False,False,True,False,False,False,False,False,False,True,False,False,True,False,False,False,False,False,False,False,True,False,False,True,False,False,False,True
Medium,UX/UI Design,98036.51708068005,1,1,0,49018.25854034002,False,False,False,False,False,False,False,False,False,False,False,False,False,True,False,False,False,False,False,False,False,False,False,False,False,True,False,False,False,True,False,False,True,False
Medium,Marketing,98153.12507249897,1,1,0,49076.56253624948,False,False,False,False,False,True,False,False,False,False,False,False,False,True,False,False,False,False,True,False,False,False,False,False,False,False,True,False,False,True,False,False,False,True
High,Data Analysis,100575.36211583146,2,1,0,50287.68105791573,False,False,False,False,False,False,False,False,False,False,False,False,False,False,False,False,False,False,False,False,False,False,False,False,False,False,True,False,False,False,True,True,True,False
Low,UX/UI Design,68850.5761560838,0,1,0,34425.2880780419,False,False,False,False,True,False,False,False,False,False,False,True,False,False,False,False,False,False,False,True,False,False,False,False,False,False,False,True,False,True,False,True,True,False
Low,Communication,75003.77185667082,0,1,0,37501.88592833541,False,False,False,True,False,False,False,False,False,False,False,False,False,True,False,False,False,False,False,False,False,False,False,False,False,False,False,True,False,False,True,True,False,False
Low,Data Analysis,119717.36551035367,0,1,0,59858.68275517684,False,True,False,False,False,False,False,False,False,False,False,False,False,False,False,False,False,True,False,True,False,False,False,False,True,False,False,False,False,False,True,True,True,False
Low,Project Management,85588.5506503832,0,1,0,42794.2753251916,False,True,False,False,False,False,False,False,False,False,False,False,False,True,False,False,False,False,False,False,True,False,False,False,False,False,False,False,False,False,True,False,True,False
Low,Communication,96120.28796035792,0,1,0,48060.14398017896,False,False,False,False,False,False,False,False,True,False,False,False,False,True,False,False,False,False,False,True,True,False,False,False,False,False,False,False,False,False,False,False,False,False
Medium,Data Analysis,111093.32624086372,1,1,0,55546.66312043186,False,False,False,True,False,False,False,False,False,False,False,False,False,True,False,False,False,False,False,False,False,False,True,False,False,False,False,False,False,True,False,True,True,False
Low,Project Management,99268.86144721638,0,1,0,49634.43072360819,True,False,False,False,False,False,False,False,False,False,False,False,False,False,False,False,True,False,False,True,True,False,False,False,False,False,False,False,False,True,False,True,False,False
Medium,Sales,100930.45261944078,1,1,0,50465.22630972039,False,False,False,False,False,False,False,True,False,False,False,False,False,False,False,False,True,False,True,False,False,False,False,False,False,False,False,True,False,False,True,True,False,True
Medium,UX/UI Design,107891.55358487512,1,1,0,53945.77679243756,False,False,True,False,False,False,False,False,False,False,False,True,False,False,False,False,False,False,True,False,False,False,False,False,True,False,False,False,False,False,True,False,False,False
Medium,UX/UI Design,47666.72478206,1,1,0,23833.36239103,False,True,False,False,False,False,False,False,False,False,False,False,False,False,False,True,False,False,False,True,False,False,False,False,True,False,False,False,False,True,False,True,True,False
High,Marketing,80200.99689678931,2,1,0,40100.498448394654,False,False,False,False,False,False,True,False,False,False,False,False,False,True,False,False,False,False,False,False,False,False,False,False,False,False,True,False,False,False,True,True,False,False
High,Project Management,99372.11592999184,2,1,0,49686.05796499592,False,True,False,False,False,False,False,False,False,False,True,False,False,False,False,False,False,False,False,True,False,False,False,False,False,True,False,False,False,True,False,False,True,False
Medium,JavaScript,117752.88614115314,1,1,0,58876.44307057657,False,False,False,False,False,False,False,False,False,False,False,False,False,False,False,True,False,False,False,False,False,False,True,False,False,False,False,False,False,False,False,False,False,True
High,Sales,91321.91119311546,2,1,0,45660.95559655773,False,True,False,False,False,False,False,False,False,False,False,True,False,False,False,False,False,False,True,False,False,False,False,False,False,False,True,False,False,False,True,True,False,False
Low,Machine Learning,73105.67076487809,0,1,1,36552.83538243904,False,True,False,False,False,False,False,False,False,False,False,False,False,False,True,False,False,False,False,False,False,False,False,False,False,True,False,False,False,True,False,False,False,True
Low,Data Analysis,73638.27900778996,0,1,0,36819.13950389498,False,False,False,False,False,False,False,True,False,False,False,False,False,False,False,True,False,False,True,False,True,False,False,False,False,False,False,False,False,False,True,True,True,False
Medium,Sales,107677.22406906149,1,1,0,53838.61203453074,False,False,False,False,False,False,False,True,False,False,False,False,False,False,False,True,False,False,False,False,False,False,False,False,False,False,True,False,False,True,False,False,True,False
Low,Project Management,85644.52835216226,0,1,0,42822.26417608113,False,False,False,False,False,True,False,False,False,True,False,False,False,False,False,False,False,False,False,False,False,True,False,False,False,False,False,False,False,True,False,True,False,True
Medium,Cybersecurity,89855.99908419327,1,1,0,44927.99954209664,True,False,False,False,False,False,False,False,False,False,False,False,True,False,False,False,False,False,False,False,True,False,False,False,False,False,False,False,False,False,True,True,False,False
Medium,Data Analysis,102300.60387544638,1,1,0,51150.30193772319,False,False,False,False,False,False,True,False,False,True,False,False,False,False,False,False,False,False,False,True,False,False,False,False,False,True,False,False,False,False,False,True,False,False
Low,Python,31969.52634612842,0,1,1,15984.76317306421,False,True,False,False,False,False,False,False,False,False,False,False,False,False,False,False,False,True,False,True,False,False,True,False,False,False,False,False,False,True,False,True,True,False
High,UX/UI Design,130007.35023016162,2,1,0,65003.67511508081,False,True,False,False,False,False,False,False,False,False,False,False,False,False,False,False,True,False,True,False,False,False,False,False,False,True,False,False,False,True,False,False,False,True
Low,Project Management,75378.52329897878,0,1,0,37689.26164948939,False,False,True,False,False,False,False,False,False,False,False,False,False,False,False,False,True,False,True,False,False,False,False,False,False,False,True,False,False,True,False,False,False,True
Low,Python,94838.72738947145,0,1,1,47419.36369473572,False,False,False,False,False,False,False,True,False,False,False,False,True,False,False,False,False,False,False,True,False,False,False,False,False,False,True,False,False,False,False,False,False,False
Medium,Marketing,55906.05973007458,1,1,0,27953.02986503729,False,False,False,False,False,False,True,False,False,False,False,False,False,False,False,False,False,False,True,False,False,False,False,False,False,False,False,False,False,False,False,False,False,False
Medium,Communication,81549.17779189924,1,1,0,40774.58889594962,False,False,False,False,False,False,False,False,True,False,False,False,False,False,False,False,False,False,False,True,False,False,True,False,False,False,False,False,False,False,True,True,False,False
Medium,Machine Learning,114893.76092730192,1,1,1,57446.88046365096,False,False,False,False,False,True,False,False,False,False,False,True,False,False,False,False,False,False,False,False,False,False,False,True,False,False,False,False,False,False,False,True,False,True
Medium,Machine Learning,51676.65640668242,1,1,1,25838.32820334121,True,False,False,False,False,False,False,False,False,False,False,False,True,False,False,False,False,False,True,False,True,False,False,False,False,False,False,False,False,False,True,False,False,False
High,Python,112524.00174378282,2,1,1,56262.00087189141,False,False,False,True,False,False,False,False,False,False,False,False,False,False,False,True,False,False,True,False,False,False,False,False,True,False,False,False,False,False,True,False,False,False
High,UX/UI Design,84526.07807535231,2,1,0,42263.03903767616,True,False,False,False,False,False,False,False,False,False,False,False,False,False,False,False,False,False,False,True,False,False,True,False,False,False,False,False,False,False,False,False,True,False
High,Marketing,99743.28880440384,2,1,0,49871.64440220192,False,False,False,False,False,False,False,False,False,False,False,False,False,True,False,False,False,False,True,False,False,False,False,False,True,False,False,False,False,False,True,False,False,False
Medium,Cybersecurity,103150.4882697022,1,1,0,51575.2441348511,False,True,False,False,False,False,False,False,False,False,True,False,False,False,False,False,False,False,True,False,False,False,True,False,False,False,False,False,False,False,False,False,False,False
Medium,UX/UI Design,98828.42998981853,1,1,0,49414.21499490926,False,False,False,False,False,True,False,False,False,False,False,False,False,False,False,True,False,False,False,False,False,False,True,False,False,False,False,False,False,False,True,True,False,True
Medium,Sales,72700.98696738348,1,1,0,36350.49348369174,False,False,False,False,False,False,False,False,False,False,False,False,False,False,False,False,False,True,True,False,False,False,False,False,False,True,False,False,False,False,False,True,False,True
High,Machine Learning,82709.01706929953,2,1,1,41354.508534649765,False,False,False,False,False,False,True,False,False,False,False,False,False,True,False,False,False,False,False,False,False,False,True,False,False,False,False,False,False,False,False,True,True,False
Medium,Sales,60768.876454983685,1,1,0,30384.438227491843,False,False,False,True,False,False,False,False,False,False,False,False,False,True,False,False,False,False,False,True,False,False,False,False,False,False,False,False,False,False,True,False,False,False
Low,Data Analysis,99835.9266317616,0,1,0,49917.9633158808,False,False,False,False,False,False,False,True,False,False,False,False,True,False,False,False,False,False,True,False,False,False,False,True,False,False,False,False,False,True,False,False,True,False
Low,JavaScript,124041.10308031851,0,1,0,62020.55154015926,False,False,False,False,False,True,False,False,False,False,False,True,False,False,False,False,False,False,False,False,False,False,False,False,False,False,True,False,False,False,True,False,False,True
Medium,Project Management,53511.18226647075,1,1,0,26755.591133235375,False,False,False,False,False,True,False,False,False,False,False,False,False,False,False,False,False,True,False,True,False,False,False,False,False,False,False,False,True,False,False,False,True,False
Low,Marketing,74767.0818772393,0,1,0,37383.54093861965,False,True,False,False,False,False,False,False,False,False,False,False,False,False,False,False,False,False,True,False,False,False,False,False,True,False,False,False,False,True,False,True,False,True
Low,UX/UI Design,86364.49448234134,0,1,0,43182.24724117067,False,False,False,False,True,False,False,False,False,False,False,False,True,False,False,False,False,False,False,True,False,False,False,False,False,False,True,False,False,False,True,True,True,False
High,Machine Learning,93466.82847427108,2,1,1,46733.41423713554,False,False,False,False,False,True,False,False,False,False,False,False,False,False,False,False,False,False,True,False,False,False,False,False,False,False,False,False,True,False,True,False,True,False
Medium,Sales,107583.52602868852,1,1,0,53791.76301434426,False,False,True,False,False,False,False,False,False,False,False,False,True,False,False,False,False,False,False,True,False,False,False,True,False,False,False,False,False,False,True,True,False,False
Medium,Communication,86956.00039284666,1,1,0,43478.00019642333,False,False,False,True,False,False,False,False,False,False,False,False,True,False,False,False,False,False,False,True,False,False,False,True,False,False,False,False,False,True,False,True,True,False
High,Data Analysis,83680.825471087,2,1,0,41840.4127355435,False,False,False,True,False,False,False,False,False,False,False,False,True,False,False,False,False,False,False,False,False,False,False,False,True,False,False,False,False,False,False,False,False,False
Low,Project Management,112062.6141213948,0,1,0,56031.3070606974,False,False,True,False,False,False,False,False,False,False,False,True,False,False,False,False,False,False,False,True,False,False,False,False,True,False,False,False,False,False,True,False,False,False
Low,Project Management,103239.91134126612,0,1,0,51619.95567063306,False,False,False,False,False,False,False,False,True,False,False,False,True,False,False,False,False,False,True,False,False,False,False,True,False,False,False,False,False,False,True,False,False,False
Medium,UX/UI Design,100779.55951402197,1,1,0,50389.77975701098,False,False,True,False,False,False,False,False,False,False,False,False,False,False,True,False,False,False,True,False,False,False,False,False,False,False,False,False,True,False,True,False,False,False
Low,Marketing,92250.31423176228,0,1,0,46125.15711588114,False,False,True,False,False,False,False,False,False,False,True,False,False,False,False,False,False,False,False,False,False,False,True,False,False,False,False,False,False,False,True,False,True,False
High,Cybersecurity,109663.04421839718,2,1,0,54831.52210919859,False,False,False,True,False,False,False,False,False,False,False,False,False,False,False,False,False,False,True,False,True,False,False,False,False,False,False,False,False,False,True,False,False,True
High,Communication,76873.81217539468,2,1,0,38436.90608769734,True,False,False,False,False,False,False,False,False,False,False,False,False,False,False,True,False,False,True,False,False,True,False,False,False,False,False,False,False,False,False,True,False,True
Medium,UX/UI Design,74146.11435627844,1,1,0,37073.05717813922,False,False,False,True,False,False,False,False,False,True,False,False,False,False,False,False,False,False,True,False,False,False,False,False,False,False,True,False,False,False,False,True,False,True
High,Sales,104922.01973738648,2,1,0,52461.00986869324,False,False,False,False,True,False,False,False,False,False,False,False,False,False,False,False,False,True,False,True,False,False,False,False,False,True,False,False,False,False,True,False,True,False
High,JavaScript,57499.28061506184,2,1,0,28749.64030753092,False,True,False,False,False,False,False,False,False,False,False,False,False,False,False,False,True,False,False,True,False,False,False,False,False,False,True,False,False,True,False,True,False,False
Medium,Python,91843.59019272974,1,1,1,45921.79509636487,False,False,False,False,False,False,False,False,False,False,False,True,False,False,False,False,False,False,True,False,False,False,False,False,False,True,False,False,False,False,False,False,False,True
High,Cybersecurity,83668.83295474976,2,1,0,41834.41647737488,True,False,False,False,False,False,False,False,False,False,False,False,False,False,False,True,False,False,False,False,False,False,False,False,False,False,False,False,True,True,False,False,True,False
High,Marketing,61884.90538694088,2,1,0,30942.45269347044,False,False,False,False,False,False,False,True,False,False,False,False,False,True,False,False,False,False,False,True,False,False,False,False,False,True,False,False,False,False,False,False,False,False
High,Data Analysis,71374.64840567471,2,1,0,35687.32420283736,False,False,False,False,False,False,False,False,False,False,False,False,False,False,True,False,False,False,False,False,False,False,False,False,True,False,False,False,False,False,True,False,False,True
Low,Cybersecurity,87820.47815409301,0,1,0,43910.239077046506,False,True,False,False,False,False,False,False,False,False,False,False,False,False,False,False,True,False,True,False,True,False,False,False,False,False,False,False,False,False,False,True,False,False
Medium,Machine Learning,110679.26512998046,1,1,1,55339.63256499023,False,False,False,False,True,False,False,False,False,True,False,False,False,False,False,False,False,False,True,False,True,False,False,False,False,False,False,False,False,False,True,False,False,True
Medium,Marketing,76940.84017484378,1,1,0,38470.42008742189,False,False,False,False,True,False,False,False,False,False,False,False,False,False,False,True,False,False,False,True,False,False,False,False,True,False,False,False,False,False,False,True,False,True
Medium,JavaScript,114267.62799809988,1,1,0,57133.81399904994,False,False,False,False,False,False,False,True,False,False,False,False,False,False,False,False,True,False,True,False,False,False,False,False,False,False,False,False,False,False,True,False,False,True
Low,Machine Learning,91263.58455113032,0,1,1,45631.79227556516,True,False,False,False,False,False,False,False,False,False,False,False,False,False,False,True,False,False,False,True,False,False,False,False,False,False,False,False,True,False,True,False,False,False
Low,Cybersecurity,116207.69404339942,0,1,0,58103.84702169971,False,False,False,False,False,False,False,False,True,False,False,False,False,False,True,False,False,False,True,False,False,False,False,False,False,False,False,False,False,False,True,False,True,False
Medium,Python,77910.16782439903,1,1,1,38955.083912199516,False,False,True,False,False,False,False,False,False,True,False,False,False,False,False,False,False,False,True,False,False,False,False,False,False,False,False,False,False,False,True,True,False,False
Low,Python,89023.80823789263,0,1,1,44511.90411894632,True,False,False,False,False,False,False,False,False,False,False,False,False,True,False,False,False,False,False,True,False,False,False,False,False,False,True,False,False,True,False,False,False,True
Medium,JavaScript,97369.6720667399,1,1,0,48684.83603336995,False,False,False,False,False,False,False,False,True,False,False,False,True,False,False,False,False,False,False,True,False,False,False,True,False,False,False,False,False,False,True,False,False,False
Low,Project Management,86409.79074516977,0,1,0,43204.895372584884,False,False,False,False,True,False,False,False,False,False,False,False,False,False,False,False,False,False,False,True,False,False,False,False,False,False,True,False,False,True,False,False,True,False
High,Communication,109060.48294290472,2,1,0,54530.24147145236,False,False,False,True,False,False,False,False,False,False,False,False,False,True,False,False,False,False,True,False,False,False,False,True,False,False,False,False,False,True,False,True,False,False
High,Data Analysis,45848.72549419468,2,1,0,22924.36274709734,False,True,False,False,False,False,False,False,False,False,False,False,True,False,False,False,False,False,True,False,False,True,False,False,False,False,False,False,False,False,True,True,True,False
Medium,Project Management,138448.1107757988,1,1,0,69224.0553878994,False,False,False,False,False,False,False,True,False,False,False,True,False,False,False,False,False,False,False,False,False,False,False,False,False,True,False,False,False,True,False,True,True,False
Low,Python,107155.49213990325,0,1,1,53577.74606995162,False,True,False,False,False,False,False,False,False,False,True,False,False,False,False,False,False,False,False,True,False,False,False,True,False,False,False,False,False,False,False,False,False,False
Low,Python,86529.36341929967,0,1,1,43264.681709649834,False,False,False,False,False,False,True,False,False,False,False,False,False,False,False,False,False,True,True,False,False,False,False,False,True,False,False,False,False,False,True,True,False,True
High,Sales,78953.56652845311,2,1,0,39476.78326422656,False,False,False,False,False,False,True,False,False,False,False,False,False,False,False,False,False,True,True,False,False,False,False,False,False,False,True,False,False,True,False,False,True,False
High,Machine Learning,72671.58777102892,2,1,1,36335.79388551446,True,False,False,False,False,False,False,False,False,False,False,False,False,False,False,False,False,False,False,True,False,False,False,False,False,False,False,False,True,False,True,True,False,False
Low,Cybersecurity,102912.30948339474,0,1,0,51456.15474169737,False,False,False,False,True,False,False,False,False,True,False,False,False,False,False,False,False,False,False,False,False,False,False,False,False,True,False,False,False,False,True,True,True,False
Low,Data Analysis,109899.63337584709,0,1,0,54949.81668792354,False,False,False,False,True,False,False,False,False,False,False,False,False,False,True,False,False,False,False,True,False,True,False,False,False,False,False,False,False,False,True,False,False,True
Low,JavaScript,86749.477437402,0,1,0,43374.738718701,False,False,True,False,False,False,False,False,False,True,False,False,False,False,False,False,False,False,False,False,False,False,False,True,False,False,False,False,False,True,False,True,False,False
Low,Cybersecurity,112139.80825957004,0,1,0,56069.90412978502,False,False,True,False,False,False,False,False,False,False,False,False,False,False,True,False,False,False,True,False,False,True,False,False,False,False,False,False,False,False,False,False,False,False
Low,Sales,71854.79906477756,0,1,0,35927.39953238878,False,False,True,False,False,False,False,False,False,True,False,False,False,False,False,False,False,False,False,False,False,False,False,False,False,False,False,False,True,False,False,False,False,False
Low,Python,68323.78300026328,0,1,1,34161.89150013164,False,False,False,True,False,False,False,False,False,False,True,False,False,False,False,False,False,False,True,False,False,False,False,False,False,False,False,False,False,True,False,True,False,True
Medium,JavaScript,126266.82410491098,1,1,0,63133.41205245549,False,False,False,False,False,False,False,False,False,False,False,True,False,False,False,False,False,False,False,True,True,False,False,False,False,False,False,False,False,False,True,False,True,False
Low,Python,101822.17227077084,0,1,1,50911.08613538542,False,False,False,False,False,True,False,False,False,False,False,True,False,False,False,False,False,False,False,True,False,False,False,False,False,False,False,False,True,True,False,False,False,False
High,Data Analysis,117936.96403626657,2,1,0,58968.48201813328,False,False,False,False,False,False,False,False,False,False,False,False,True,False,False,False,False,False,False,True,False,False,False,False,False,False,False,True,False,True,False,True,True,False
Medium,Machine Learning,72921.20583224614,1,1,1,36460.60291612307,False,True,False,False,False,False,False,False,False,False,False,False,False,False,False,False,True,False,False,False,False,False,False,False,False,False,False,False,True,True,False,True,True,False
Low,Cybersecurity,71529.49216462541,0,1,0,35764.746082312704,False,False,False,False,False,False,False,False,False,False,False,True,False,False,False,False,False,False,True,False,False,True,False,False,False,False,False,False,False,False,True,False,False,True
High,Cybersecurity,82827.81361084916,2,1,0,41413.90680542458,False,False,False,True,False,False,False,False,False,False,False,True,False,False,False,False,False,False,False,True,False,False,False,False,True,False,False,False,False,True,False,True,False,False
Medium,Project Management,73518.82316921977,1,1,0,36759.41158460989,False,True,False,False,False,False,False,False,False,False,False,False,False,True,False,False,False,False,False,True,False,False,False,False,False,False,True,False,False,False,True,False,True,False
High,JavaScript,104107.30420456902,2,1,0,52053.65210228451,False,False,False,False,False,False,False,False,False,False,False,False,False,True,False,False,False,False,True,False,False,False,False,False,True,False,False,False,False,True,False,False,False,False
Low,Communication,74977.47886147109,0,1,0,37488.73943073554,False,False,False,True,False,False,False,False,False,False,False,False,True,False,False,False,False,False,False,True,False,True,False,False,False,False,False,False,False,False,False,True,False,False
Low,Sales,66566.60283865419,0,1,0,33283.301419327094,False,False,False,False,False,True,False,False,False,False,False,False,False,False,False,False,True,False,True,False,False,False,False,False,False,False,True,False,False,True,False,True,False,True
Low,Communication,92840.30824510464,0,1,0,46420.15412255232,False,False,False,False,False,False,False,False,False,False,False,False,False,False,False,False,False,False,True,False,False,False,False,False,False,False,False,True,False,True,False,True,False,False
Low,Project Management,64200.27648349573,0,1,0,32100.138241747864,False,False,False,True,False,False,False,False,False,False,False,False,False,True,False,False,False,False,True,False,True,False,False,False,False,False,False,False,False,False,False,True,False,False
Medium,Data Analysis,54010.72137049221,1,1,0,27005.360685246105,False,False,True,False,False,False,False,False,False,False,False,False,False,False,False,False,False,False,True,False,False,False,False,False,False,True,False,False,False,False,True,False,True,False
Medium,Sales,92665.14467722556,1,1,0,46332.57233861278,False,False,False,False,True,False,False,False,False,False,False,False,False,False,False,True,False,False,True,False,False,True,False,False,False,False,False,False,False,False,True,False,False,True
High,Machine Learning,55015.5991397958,2,1,1,27507.7995698979,False,False,True,False,False,False,False,False,False,False,False,False,False,True,False,False,False,False,False,False,False,False,False,True,False,False,False,False,False,True,False,True,False,False
Low,Communication,105505.58792590846,0,1,0,52752.79396295423,False,False,False,False,True,False,False,False,False,False,True,False,False,False,False,False,False,False,False,True,False,True,False,False,False,False,False,False,False,False,False,True,True,False
High,Machine Learning,62093.32547494408,2,1,1,31046.66273747204,False,False,False,False,False,False,False,True,False,False,False,False,False,False,False,False,True,False,False,False,False,True,False,False,False,False,False,False,False,False,True,False,False,True
Medium,Communication,45186.52427160505,1,1,0,22593.262135802524,False,False,False,False,False,False,False,True,False,False,False,False,True,False,False,False,False,False,False,True,False,False,False,False,False,False,True,False,False,True,False,False,False,True
Low,Machine Learning,84124.06699718411,0,1,1,42062.033498592056,False,False,False,False,False,False,False,True,False,False,False,False,False,False,False,True,False,False,False,False,False,False,True,False,False,False,False,False,False,False,False,False,True,False
Low,Communication,92891.89006592968,0,1,0,46445.94503296484,False,False,False,False,False,True,False,False,False,False,False,False,False,False,False,False,True,False,True,False,False,False,False,False,False,False,False,False,True,False,True,False,True,False
Medium,Machine Learning,99829.50127363882,1,1,1,49914.75063681941,False,False,True,False,False,False,False,False,False,False,True,False,False,False,False,False,False,False,False,True,False,False,True,False,False,False,False,False,False,False,True,True,True,False
Medium,Project Management,93440.31398031706,1,1,0,46720.15699015853,False,False,False,False,True,False,False,False,False,False,False,False,False,False,False,False,True,False,False,True,False,False,False,False,False,False,False,True,False,False,False,False,True,False
Medium,Marketing,68813.74757764515,1,1,0,34406.87378882257,False,False,False,True,False,False,False,False,False,False,True,False,False,False,False,False,False,False,False,False,False,False,False,True,False,False,False,False,False,False,False,False,True,False
Medium,Sales,104261.22361853208,1,1,0,52130.61180926604,False,True,False,False,False,False,False,False,False,False,True,False,False,False,False,False,False,False,False,False,True,False,False,False,False,False,False,False,False,False,False,True,False,False
Medium,JavaScript,109202.77012959492,1,1,0,54601.38506479746,False,False,False,True,False,False,False,False,False,False,False,False,False,False,False,False,False,False,False,True,False,False,False,False,False,False,False,False,False,False,False,False,False,False
Low,Data Analysis,65884.75743088922,0,1,0,32942.37871544461,False,True,False,False,False,False,False,False,False,True,False,False,False,False,False,False,False,False,False,False,False,False,False,False,False,False,False,True,False,True,False,False,False,True
Medium,UX/UI Design,86379.87722680772,1,1,0,43189.93861340386,False,False,False,False,False,False,True,False,False,False,False,False,False,False,False,True,False,False,False,False,False,False,False,False,False,False,False,False,False,False,False,True,False,False
Low,Python,84511.1994578196,0,1,1,42255.5997289098,False,False,False,True,False,False,False,False,False,False,False,False,False,False,False,False,True,False,False,False,False,False,False,False,False,False,False,False,False,False,True,True,False,False
Low,JavaScript,94407.63165576068,0,1,0,47203.81582788034,False,False,False,False,False,False,False,False,False,False,False,False,False,False,True,False,False,False,True,False,True,False,False,False,False,False,False,False,False,False,True,True,False,False
Medium,Python,85901.52416451782,1,1,1,42950.76208225891,False,False,False,False,False,False,False,False,False,False,False,False,False,False,False,True,False,False,True,False,False,False,False,False,True,False,False,False,False,True,False,False,True,False
Medium,Sales,88642.44455854046,1,1,0,44321.22227927023,True,False,False,False,False,False,False,False,False,True,False,False,False,False,False,False,False,False,False,False,False,False,True,False,False,False,False,False,False,False,True,False,False,True
Low,JavaScript,102836.31060483382,0,1,0,51418.15530241691,False,False,True,False,False,False,False,False,False,False,False,False,False,False,False,True,False,False,False,False,False,True,False,False,False,False,False,False,False,False,True,True,False,True
Medium,Machine Learning,67722.93800797733,1,1,1,33861.46900398866,False,True,False,False,False,False,False,False,False,False,False,True,False,False,False,False,False,False,True,False,False,False,False,False,False,True,False,False,False,False,False,True,False,True
Medium,Machine Learning,104747.46270521649,1,1,1,52373.73135260824,False,True,False,False,False,False,False,False,False,False,False,False,False,False,True,False,False,False,True,False,False,False,False,False,False,False,False,False,False,False,True,False,False,True
Medium,UX/UI Design,112822.65463062502,1,1,0,56411.32731531251,False,False,True,False,False,False,False,False,False,True,False,False,False,False,False,False,False,False,False,True,False,False,False,True,False,False,False,False,False,True,False,True,False,False
High,Python,122682.69986977737,2,1,1,61341.34993488868,False,False,False,False,False,True,False,False,False,False,False,False,False,False,False,False,False,False,False,True,False,False,False,False,False,False,False,True,False,False,False,True,False,False
Low,Data Analysis,47132.65351725282,0,1,0,23566.32675862641,True,False,False,False,False,False,False,False,False,False,False,False,False,False,False,False,True,False,True,False,False,False,False,False,True,False,False,False,False,False,False,True,True,False
High,Sales,86341.96685769563,2,1,0,43170.983428847816,False,False,False,False,False,True,False,False,False,False,False,False,False,False,False,False,False,True,False,False,False,False,False,False,False,False,False,False,False,True,False,False,False,True
Medium,Machine Learning,50697.98851292822,1,1,1,25348.99425646411,False,False,False,False,False,True,False,False,False,True,False,False,False,False,False,False,False,False,False,False,False,False,False,False,True,False,False,False,False,False,False,False,False,False
High,Marketing,41298.72620454353,2,1,0,20649.363102271764,False,False,False,False,False,True,False,False,False,False,False,False,True,False,False,False,False,False,False,False,False,False,False,False,True,False,False,False,False,False,False,False,False,False
Medium,Project Management,92881.86095214955,1,1,0,46440.93047607478,False,False,True,False,False,False,False,False,False,False,False,False,False,False,False,False,True,False,False,False,False,False,False,False,False,False,False,False,False,True,False,False,True,False
High,Project Management,82016.96414299277,2,1,0,41008.482071496386,False,False,False,False,False,True,False,False,False,True,False,False,False,False,False,False,False,False,False,True,False,False,False,False,False,False,True,False,False,False,False,False,True,False
Medium,Communication,95997.01903541492,1,1,0,47998.50951770746,False,False,False,False,False,False,False,False,False,False,False,True,False,False,False,False,False,False,True,False,False,False,False,False,False,False,False,False,True,True,False,False,True,False
High,Data Analysis,99722.55380174633,2,1,0,49861.27690087316,False,False,False,False,False,False,False,True,False,False,False,False,False,False,False,False,False,True,False,False,False,False,False,True,False,False,False,False,False,True,False,True,False,False
High,Project Management,114957.91916215842,2,1,0,57478.95958107921,False,False,False,False,False,False,True,False,False,False,False,True,False,False,False,False,False,False,False,True,False,True,False,False,False,False,False,False,False,False,True,False,False,False
High,Communication,91078.4085061156,2,1,0,45539.2042530578,False,True,False,False,False,False,False,False,False,False,False,False,False,False,False,False,False,True,False,False,False,True,False,False,False,False,False,False,False,False,True,False,True,False
Low,Python,148467.11234638176,0,1,1,74233.55617319088,False,True,False,False,False,False,False,False,False,False,False,False,True,False,False,False,False,False,True,False,False,False,False,True,False,False,False,False,False,False,False,True,False,True
High,Machine Learning,96128.19709970424,2,1,1,48064.09854985212,False,False,False,False,False,False,True,False,False,False,False,False,False,False,False,False,True,False,False,True,False,False,False,False,False,False,True,False,False,False,False,False,True,False
Low,Machine Learning,126849.58089134425,0,1,1,63424.79044567212,False,False,True,False,False,False,False,False,False,False,False,False,False,False,False,False,False,False,True,False,False,True,False,False,False,False,False,False,False,True,False,False,True,False
Medium,Marketing,43343.24398951503,1,1,0,21671.621994757515,False,False,False,True,False,False,False,False,False,False,False,True,False,False,False,False,False,False,True,False,False,False,False,False,True,False,False,False,False,False,False,True,True,False
High,JavaScript,116994.7905910125,2,1,0,58497.39529550625,False,False,True,False,False,False,False,False,False,False,False,True,False,False,False,False,False,False,False,True,True,False,False,False,False,False,False,False,False,True,False,True,True,False
Medium,Project Management,86384.7902040888,1,1,0,43192.3951020444,False,True,False,False,False,False,False,False,False,False,True,False,False,False,False,False,False,False,False,True,False,False,False,False,False,False,False,True,False,True,False,True,False,False
Medium,Python,51033.05481145457,1,1,1,25516.527405727284,False,True,False,False,False,False,False,False,False,False,False,False,False,False,False,False,False,True,False,True,False,False,True,False,False,False,False,False,False,False,False,False,False,True
High,Cybersecurity,98410.9021845624,2,1,0,49205.4510922812,False,False,False,False,False,False,True,False,False,False,False,False,False,True,False,False,False,False,False,True,False,True,False,False,False,False,False,False,False,True,False,True,True,False
Low,Project Management,83940.88924031366,0,1,0,41970.44462015683,False,False,False,False,False,True,False,False,False,False,False,False,False,False,False,False,True,False,False,True,False,False,False,True,False,False,False,False,False,False,True,False,False,True
High,Data Analysis,101601.06496896283,2,1,0,50800.53248448142,False,False,True,False,False,False,False,False,False,False,False,False,False,False,False,False,False,True,False,True,True,False,False,False,False,False,False,False,False,False,False,False,False,True
Medium,JavaScript,110221.52915102156,1,1,0,55110.76457551078,False,False,False,False,True,False,False,False,False,False,True,False,False,False,False,False,False,False,False,True,False,False,False,False,False,False,False,False,False,False,True,False,False,True
Medium,Project Management,60216.99766476808,1,1,0,30108.49883238404,False,False,False,False,False,False,True,False,False,False,False,False,False,False,False,True,False,False,False,False,False,False,False,False,False,False,False,False,True,False,False,False,True,False
High,Python,110298.37964910315,2,1,1,55149.18982455158,False,False,False,False,False,False,False,False,False,False,False,False,False,False,False,False,False,True,True,False,False,False,False,True,False,False,False,False,False,True,False,True,False,False
Low,Project Management,90129.58968441431,0,1,0,45064.79484220716,False,True,False,False,False,False,False,False,False,False,False,False,False,False,False,False,False,False,False,True,False,False,False,False,True,False,False,False,False,False,False,True,True,False
Low,Data Analysis,117056.82349386544,0,1,0,58528.41174693272,False,False,False,False,False,False,True,False,False,False,False,False,False,False,False,False,True,False,False,False,False,False,False,False,False,False,False,False,True,False,True,False,False,True
Medium,Cybersecurity,85897.03542004264,1,1,0,42948.51771002132,False,False,True,False,False,False,False,False,False,False,True,False,False,False,False,False,False,False,False,False,False,False,False,False,False,False,False,True,False,True,False,True,False,True
Medium,Sales,80591.82214937158,1,1,0,40295.91107468579,False,True,False,False,False,False,False,False,False,False,False,False,False,False,False,True,False,False,False,False,False,False,False,False,False,False,False,True,False,False,False,False,False,False
Low,UX/UI Design,90541.08081377904,0,1,0,45270.54040688952,False,False,False,True,False,False,False,False,False,False,False,False,False,False,True,False,False,False,True,False,False,False,False,False,False,False,True,False,False,False,False,False,True,False
High,Cybersecurity,92037.21412759706,2,1,0,46018.60706379853,False,False,False,False,False,False,True,False,False,False,True,False,False,False,False,False,False,False,False,True,False,False,False,False,False,True,False,False,False,False,False,False,False,True
Medium,Communication,76744.30397016529,1,1,0,38372.151985082644,True,False,False,False,False,False,False,False,False,False,False,False,False,False,True,False,False,False,False,False,False,False,False,False,False,False,True,False,False,False,True,True,False,False
Low,Project Management,80073.90538089433,0,1,0,40036.952690447164,False,True,False,False,False,False,False,False,False,False,False,False,False,False,False,False,True,False,True,False,True,False,False,False,False,False,False,False,False,False,True,False,False,True
Medium,Machine Learning,65462.48930972422,1,1,1,32731.24465486211,False,False,True,False,False,False,False,False,False,False,False,True,False,False,False,False,False,False,True,False,False,False,False,False,False,False,False,False,True,False,False,False,False,False
High,Marketing,81307.09820419611,2,1,0,40653.549102098055,False,False,False,False,False,False,False,True,False,False,True,False,False,False,False,False,False,False,True,False,False,False,False,False,False,True,False,False,False,True,False,True,False,False
Low,Machine Learning,103526.20119995158,0,1,1,51763.10059997579,False,False,False,False,True,False,False,False,False,False,False,False,True,False,False,False,False,False,False,False,False,False,False,False,False,False,False,False,False,True,False,True,True,False
Medium,Cybersecurity,87252.91652187712,1,1,0,43626.45826093856,False,False,False,False,False,False,False,False,True,False,False,False,False,False,True,False,False,False,False,True,False,False,False,False,True,False,False,False,False,False,True,True,False,True
High,Machine Learning,110181.30592094656,2,1,1,55090.65296047328,False,False,False,False,False,True,False,False,False,False,False,False,False,False,False,False,False,False,False,False,False,False,False,False,False,False,False,False,True,True,False,True,True,False
Medium,Python,86291.41064693853,1,1,1,43145.705323469265,False,False,False,False,False,False,False,False,True,False,False,False,True,False,False,False,False,False,False,False,False,False,False,False,False,False,True,False,False,False,True,False,False,True
High,Machine Learning,61369.64004553371,2,1,1,30684.820022766857,False,False,True,False,False,False,False,False,False,True,False,False,False,False,False,False,False,False,False,True,False,False,True,False,False,False,False,False,False,False,False,True,True,False
High,JavaScript,101945.49775113164,2,1,0,50972.74887556582,False,False,False,False,False,False,False,False,False,True,False,False,False,False,False,False,False,False,False,True,False,False,False,False,False,True,False,False,False,False,True,False,False,True
Low,Sales,76527.53717933195,0,1,0,38263.768589665975,False,False,False,False,False,False,False,False,False,False,False,False,False,False,False,True,False,False,False,True,False,False,False,False,False,True,False,False,False,False,True,True,True,False
High,Project Management,85332.65422472931,2,1,0,42666.327112364655,False,False,False,False,False,False,False,True,False,False,False,True,False,False,False,False,False,False,True,False,False,False,False,False,True,False,False,False,False,False,False,True,False,False
Medium,Machine Learning,114751.44094968236,1,1,1,57375.72047484118,False,False,False,False,False,True,False,False,False,False,False,False,False,False,False,False,True,False,False,True,False,True,False,False,False,False,False,False,False,True,False,True,False,True
High,Data Analysis,66782.59080556972,2,1,0,33391.29540278486,True,False,False,False,False,False,False,False,False,False,True,False,False,False,False,False,False,False,False,False,False,False,False,False,False,False,False,True,False,False,True,True,False,True
High,Sales,93294.8757492877,2,1,0,46647.43787464385,False,False,False,False,False,False,False,True,False,False,False,False,False,True,False,False,False,False,False,True,False,False,False,False,False,False,False,True,False,False,True,True,False,False
Low,Sales,89189.63299928416,0,1,0,44594.81649964208,False,False,False,False,False,False,False,False,True,False,False,False,False,False,False,False,False,False,False,False,False,False,True,False,False,False,False,False,False,False,False,True,True,False
High,Machine Learning,104018.51430874206,2,1,1,52009.25715437103,False,False,False,False,False,False,False,True,False,False,False,False,False,False,True,False,False,False,True,False,True,False,False,False,False,False,False,False,False,True,False,False,False,True
High,Sales,107103.06730964044,2,1,0,53551.53365482022,False,False,False,False,False,False,False,False,True,False,False,False,False,False,False,False,True,False,False,False,True,False,False,False,False,False,False,False,False,False,True,True,False,True
Medium,Marketing,95276.78008497784,1,1,0,47638.39004248892,False,True,False,False,False,False,False,False,False,False,False,False,True,False,False,False,False,False,False,False,False,False,False,False,False,False,False,False,False,False,False,True,True,False
Low,Machine Learning,82792.507068392,0,1,1,41396.253534196,False,False,False,False,False,False,False,False,False,True,False,False,False,False,False,False,False,False,False,True,False,False,False,False,False,False,False,False,True,False,True,True,False,False
Low,Python,99467.4500805192,0,1,1,49733.7250402596,False,True,False,False,False,False,False,False,False,False,False,False,False,False,False,False,False,False,False,True,False,False,False,True,False,False,False,False,False,False,False,True,True,False
Low,Cybersecurity,116713.11794289124,0,1,0,58356.55897144562,False,False,False,False,True,False,False,False,False,False,False,False,False,True,False,False,False,False,False,False,False,True,False,False,False,False,False,False,False,True,False,False,True,False
High,JavaScript,89454.20120720599,2,1,0,44727.100603602994,False,False,False,False,False,True,False,False,False,False,True,False,False,False,False,False,False,False,False,True,False,False,False,False,False,False,True,False,False,True,False,True,True,False
Low,UX/UI Design,84654.87771153946,0,1,0,42327.43885576973,True,False,False,False,False,False,False,False,False,False,False,False,False,False,False,True,False,False,True,False,False,False,False,True,False,False,False,False,False,True,False,True,False,True
High,Communication,97763.4051533598,2,1,0,48881.7025766799,False,False,False,False,False,False,False,False,True,False,False,False,False,True,False,False,False,False,True,False,False,False,False,True,False,False,False,False,False,True,False,True,False,False
High,Sales,90774.54040739224,2,1,0,45387.27020369612,True,False,False,False,False,False,False,False,False,False,False,False,False,False,False,False,False,False,False,True,False,False,False,False,False,True,False,False,False,False,True,True,False,False
Medium,Python,63245.81152164402,1,1,1,31622.90576082201,False,False,False,False,False,False,False,False,True,False,False,False,False,True,False,False,False,False,True,False,False,False,True,False,False,False,False,False,False,False,True,False,True,False
Medium,Project Management,94786.61600794963,1,1,0,47393.30800397482,False,False,True,False,False,False,False,False,False,False,False,False,False,False,False,False,False,False,False,True,False,False,False,False,False,False,False,True,False,True,False,True,False,True
Medium,Project Management,63064.75182472472,1,1,0,31532.37591236236,False,False,False,False,False,False,False,True,False,False,False,False,False,False,False,False,False,False,False,False,False,False,False,False,False,False,False,False,False,True,False,False,True,False
Medium,Communication,97489.6129281689,1,1,0,48744.80646408445,False,False,False,False,True,False,False,False,False,False,False,False,False,False,False,False,False,True,False,False,True,False,False,False,False,False,False,False,False,True,False,True,False,True
Medium,JavaScript,74057.14551186866,1,1,0,37028.57275593433,False,False,False,False,False,False,False,False,False,False,False,False,False,False,True,False,False,False,True,False,False,False,True,False,False,False,False,False,False,False,True,False,False,True
High,Sales,90737.49608372692,2,1,0,45368.74804186346,False,False,False,False,False,False,False,False,True,True,False,False,False,False,False,False,False,False,False,True,False,False,False,False,False,True,False,False,False,True,False,False,False,True
High,Marketing,97811.87812398472,2,1,0,48905.93906199236,True,False,False,False,False,False,False,False,False,False,False,False,False,False,False,False,False,True,False,True,False,False,False,False,False,False,True,False,False,True,False,True,False,True
Low,Communication,139078.06691887142,0,1,0,69539.03345943571,False,False,False,False,True,False,False,False,False,False,True,False,False,False,False,False,False,False,True,False,False,False,False,False,False,False,False,False,False,True,False,True,False,False
High,JavaScript,104854.99923573848,2,1,0,52427.49961786924,False,False,False,True,False,False,False,False,False,False,False,False,False,False,False,False,False,True,False,False,False,False,False,False,False,True,False,False,False,False,False,False,False,True
High,Sales,117295.97619484668,2,1,0,58647.98809742334,False,False,False,True,False,False,False,False,False,False,False,True,False,False,False,False,False,False,True,False,False,False,False,False,False,False,False,True,False,True,False,False,False,True
Medium,Python,127434.9563738785,1,1,1,63717.47818693925,False,True,False,False,False,False,False,False,False,False,False,True,False,False,False,False,False,False,False,False,False,False,False,False,False,False,False,True,False,False,False,True,True,False
High,Cybersecurity,99785.1183399889,2,1,0,49892.55916999445,False,False,False,False,False,False,False,False,False,True,False,False,False,False,False,False,False,False,False,True,False,False,False,False,False,False,False,True,False,False,False,False,True,False
Medium,Marketing,95713.796005344,1,1,0,47856.898002672,False,False,True,False,False,False,False,False,False,False,False,False,False,True,False,False,False,False,False,False,False,False,True,False,False,False,False,False,False,True,False,False,False,False
Low,UX/UI Design,68665.57782347569,0,1,0,34332.78891173784,True,False,False,False,False,False,False,False,False,False,False,False,False,False,True,False,False,False,True,False,False,False,True,False,False,False,False,False,False,False,False,False,True,False
Low,Project Management,87667.40135199211,0,1,0,43833.70067599606,False,False,False,False,False,False,False,True,False,True,False,False,False,False,False,False,False,False,False,True,True,False,False,False,False,False,False,False,False,True,False,True,False,True
High,Data Analysis,75538.24540728275,2,1,0,37769.12270364138,False,False,False,False,False,False,False,True,False,False,False,False,False,False,False,False,False,False,True,False,True,False,False,False,False,False,False,False,False,False,True,False,True,False
Low,Python,81978.82299751228,0,1,1,40989.41149875614,True,False,False,False,False,False,False,False,False,False,False,False,True,False,False,False,False,False,True,False,False,False,False,False,False,False,True,False,False,False,True,False,False,False
High,Project Management,127413.26752384935,2,1,0,63706.63376192468,False,False,False,False,False,True,False,False,False,False,False,False,False,False,True,False,False,False,False,False,False,False,False,False,False,False,False,False,False,False,True,False,True,False
Low,Machine Learning,92292.4301839998,0,1,1,46146.2150919999,False,False,True,False,False,False,False,False,False,False,False,False,False,False,True,False,False,False,True,False,False,False,False,False,True,False,False,False,False,False,True,True,True,False
Medium,Data Analysis,72482.00844567783,1,1,0,36241.004222838914,False,False,False,False,True,False,False,False,False,False,False,False,False,False,False,False,False,False,False,False,False,False,False,False,True,False,False,False,False,False,False,True,False,False
Medium,Project Management,117490.66909382609,1,1,0,58745.33454691304,False,False,False,False,False,False,False,False,True,False,False,False,False,False,False,False,False,False,False,True,False,False,False,False,False,True,False,False,False,True,False,False,False,False
Medium,JavaScript,109105.50952474898,1,1,0,54552.75476237449,False,False,False,False,False,True,False,False,False,False,False,False,False,False,False,True,False,False,False,False,False,False,False,False,False,False,False,True,False,True,False,True,False,True
Medium,Marketing,110153.06985200792,1,1,0,55076.53492600396,False,False,False,False,False,False,False,False,True,True,False,False,False,False,False,False,False,False,False,True,False,False,False,False,False,False,False,False,False,True,False,False,True,False
High,Project Management,49877.3959379521,2,1,0,24938.69796897605,False,False,False,False,False,False,False,False,True,False,False,False,False,False,False,False,False,False,False,False,False,False,False,True,False,False,False,False,False,False,True,True,False,True
Low,UX/UI Design,128973.41915442972,0,1,0,64486.70957721486,False,False,False,False,False,True,False,False,False,False,False,True,False,False,False,False,False,False,True,False,False,False,True,False,False,False,False,False,False,False,True,True,True,False
High,Cybersecurity,78829.70515812226,2,1,0,39414.85257906113,False,True,False,False,False,False,False,False,False,False,True,False,False,False,False,False,False,False,False,False,False,False,False,False,False,False,False,False,True,True,False,False,True,False
Medium,JavaScript,105559.0954558551,1,1,0,52779.54772792755,False,False,False,True,False,False,False,False,False,False,False,False,True,False,False,False,False,False,False,False,False,True,False,False,False,False,False,False,False,False,True,True,False,True
High,Python,140475.99581234064,2,1,1,70237.99790617032,False,False,False,False,False,False,False,False,True,True,False,False,False,False,False,False,False,False,False,True,False,False,False,False,False,False,True,False,False,True,False,True,True,False
Low,Python,133106.65496381235,0,1,1,66553.32748190618,False,False,False,False,False,True,False,False,False,False,False,False,False,False,False,False,True,False,True,False,False,False,False,False,False,False,False,True,False,True,False,True,True,False
High,Python,70448.75749054627,2,1,1,35224.378745273134,False,False,False,False,False,True,False,False,False,False,False,True,False,False,False,False,False,False,False,False,False,False,False,False,False,False,False,True,False,True,False,False,True,False
Low,Python,61109.65325995454,0,1,1,30554.82662997727,False,False,False,False,False,False,True,False,False,False,False,False,False,True,False,False,False,False,True,False,False,False,False,False,False,False,False,True,False,True,False,True,False,False
High,Cybersecurity,118606.93197695856,2,1,0,59303.46598847928,False,True,False,False,False,False,False,False,False,False,False,False,False,False,False,False,False,False,False,False,False,False,True,False,False,False,False,False,False,True,False,True,False,True
Low,Project Management,92841.11623188,0,1,0,46420.55811594,False,False,False,False,False,False,False,False,False,False,False,False,False,False,False,False,True,False,False,False,False,False,True,False,False,False,False,False,False,True,False,False,False,False
Low,Sales,79982.3711739584,0,1,0,39991.1855869792,False,False,False,False,False,False,True,False,False,False,False,False,False,False,False,False,False,False,True,False,False,True,False,False,False,False,False,False,False,True,False,True,False,True
Medium,Project Management,102424.37093878096,1,1,0,51212.18546939048,False,False,False,False,False,False,True,False,False,False,False,False,False,False,True,False,False,False,False,False,False,False,False,True,False,False,False,False,False,False,True,True,False,True
Low,Machine Learning,86742.40845081118,0,1,1,43371.20422540559,True,False,False,False,False,False,False,False,False,False,False,True,False,False,False,False,False,False,True,False,False,False,False,False,False,False,False,False,False,True,False,True,True,False
Medium,Marketing,104026.48274097488,1,1,0,52013.24137048744,False,False,False,True,False,False,False,False,False,False,False,False,False,False,True,False,False,False,False,False,False,False,False,False,False,False,False,True,False,True,False,True,False,True
Medium,Data Analysis,91339.63615637466,1,1,0,45669.81807818733,False,False,False,False,False,True,False,False,False,False,False,False,False,False,False,True,False,False,False,True,False,False,False,False,True,False,False,False,False,False,True,True,False,False
Medium,Sales,104447.75856656334,1,1,0,52223.87928328167,False,False,False,True,False,False,False,False,False,False,False,False,False,False,True,False,False,False,True,False,True,False,False,False,False,False,False,False,False,False,True,False,False,False
High,Sales,72109.34621727222,2,1,0,36054.67310863611,False,False,True,False,False,False,False,False,False,False,False,False,False,False,False,True,False,False,False,False,False,False,False,False,True,False,False,False,False,False,True,False,False,False
High,Project Management,118489.24026265267,2,1,0,59244.62013132634,True,False,False,False,False,False,False,False,False,False,False,False,False,False,False,True,False,False,False,False,False,False,False,False,False,True,False,False,False,True,False,True,False,True
High,Sales,103952.46741464877,2,1,0,51976.23370732438,False,False,False,False,False,False,False,False,False,False,False,False,False,False,False,False,True,False,False,True,False,False,False,False,True,False,False,False,False,False,False,True,False,False
High,Communication,102925.94738807144,2,1,0,51462.97369403572,False,False,False,True,False,False,False,False,False,False,False,False,False,False,False,False,False,False,True,False,False,False,False,False,False,True,False,False,False,False,False,True,False,True
Low,Communication,67646.60145976013,0,1,0,33823.300729880066,False,False,False,False,False,False,False,True,False,False,False,False,False,True,False,False,False,False,False,False,False,False,False,False,False,False,False,False,True,False,True,False,False,False
Low,Machine Learning,123992.64833288494,0,1,1,61996.32416644247,False,False,False,False,False,False,False,False,True,False,False,False,False,False,True,False,False,False,False,True,True,False,False,False,False,False,False,False,False,False,False,False,False,False
High,Data Analysis,89725.67801267463,2,1,0,44862.839006337315,False,False,True,False,False,False,False,False,False,False,False,True,False,False,False,False,False,False,False,False,False,False,False,False,True,False,False,False,False,False,True,True,False,True
Low,UX/UI Design,104560.97724859684,0,1,0,52280.48862429842,False,True,False,False,False,False,False,False,False,False,False,False,False,False,False,True,False,False,True,False,False,False,False,False,False,False,False,False,True,True,False,True,False,False
Low,Cybersecurity,83543.51072506783,0,1,0,41771.75536253391,False,False,False,False,False,False,False,False,False,False,False,False,False,False,False,False,False,False,False,False,False,False,False,False,False,False,True,False,False,False,False,False,True,False
Medium,Project Management,95217.78129364197,1,1,0,47608.89064682098,False,False,True,False,False,False,False,False,False,False,False,False,True,False,False,False,False,False,False,False,False,False,False,False,False,False,False,False,False,True,False,True,False,True
Medium,Cybersecurity,95942.54704238808,1,1,0,47971.27352119404,False,False,False,False,False,False,False,False,True,True,False,False,False,False,False,False,False,False,False,False,False,False,False,False,False,False,False,False,True,False,False,False,False,True
Medium,UX/UI Design,33601.38135993158,1,1,0,16800.69067996579,True,False,False,False,False,False,False,False,False,False,False,False,False,False,False,False,True,False,False,False,False,False,False,False,False,False,False,False,False,True,False,False,False,True
Medium,Project Management,101648.96249309662,1,1,0,50824.48124654831,False,False,False,False,False,False,False,False,True,False,False,False,False,True,False,False,False,False,False,True,False,False,False,False,True,False,False,False,False,False,False,True,True,False
Low,Project Management,129306.82923444168,0,1,0,64653.41461722084,False,False,False,False,False,False,True,False,False,False,False,False,False,False,False,False,False,True,False,True,False,False,False,True,False,False,False,False,False,True,False,False,False,True
High,Data Analysis,100795.60517983914,2,1,0,50397.80258991957,False,False,False,False,False,False,False,False,True,False,False,False,False,False,False,False,True,False,True,False,False,False,False,False,False,False,False,False,True,True,False,True,False,False
Low,Cybersecurity,70845.83502220524,0,1,0,35422.91751110262,False,False,False,False,False,False,True,False,False,False,False,False,True,False,False,False,False,False,False,True,True,False,False,False,False,False,False,False,False,False,False,True,False,False
Low,Communication,102999.23132307774,0,1,0,51499.61566153887,True,False,False,False,False,False,False,False,False,True,False,False,False,False,False,False,False,False,False,True,False,False,False,False,True,False,False,False,False,True,False,True,False,False
Low,Python,111189.61060346678,0,1,1,55594.80530173339,False,False,False,False,True,False,False,False,False,False,False,False,True,False,False,False,False,False,True,False,False,False,False,False,False,False,False,True,False,True,False,True,False,True
Medium,Cybersecurity,100249.33032380774,1,1,0,50124.66516190387,False,False,False,False,False,False,True,False,False,False,False,False,False,False,True,False,False,False,False,True,False,False,True,False,False,False,False,False,False,True,False,True,False,False
Medium,Marketing,88517.45787139912,1,1,0,44258.72893569956,False,True,False,False,False,False,False,False,False,False,False,False,False,False,False,True,False,False,False,True,False,False,False,False,False,False,False,False,True,False,False,True,False,True
Medium,Marketing,85157.01548352139,1,1,0,42578.507741760695,False,False,False,False,False,False,False,False,True,False,False,False,False,True,False,False,False,False,True,False,True,False,False,False,False,False,False,False,False,False,False,False,False,False
High,Project Management,85073.80489266386,2,1,0,42536.90244633193,False,False,False,False,False,False,False,False,True,False,True,False,False,False,False,False,False,False,True,False,False,False,False,False,False,False,True,False,False,True,False,False,True,False
Low,Python,103955.53802022424,0,1,1,51977.76901011212,False,True,False,False,False,False,False,False,False,False,False,False,False,False,False,True,False,False,True,False,False,False,False,False,False,False,False,True,False,True,False,False,True,False
High,JavaScript,61857.52009880744,2,1,0,30928.76004940372,False,False,False,False,False,False,False,True,False,False,True,False,False,False,False,False,False,False,False,False,False,False,False,False,False,False,True,False,False,False,False,False,True,False
Medium,UX/UI Design,82562.53678289187,1,1,0,41281.268391445934,False,False,False,False,False,True,False,False,False,True,False,False,False,False,False,False,False,False,False,False,False,False,False,False,True,False,False,False,False,False,False,True,True,False
High,Machine Learning,121912.19646021895,2,1,1,60956.09823010948,False,False,False,False,True,False,False,False,False,False,False,False,False,False,False,False,False,False,True,False,False,False,True,False,False,False,False,False,False,True,False,False,False,True
Low,Python,122683.90533154352,0,1,1,61341.95266577176,False,False,False,False,False,False,False,False,False,False,False,False,False,False,False,False,False,True,True,False,False,False,False,False,False,False,False,False,True,True,False,False,False,False
Low,Machine Learning,60437.05824396676,0,1,1,30218.52912198338,False,False,False,False,False,False,True,False,False,False,False,True,False,False,False,False,False,False,True,False,False,False,False,False,False,False,False,False,True,True,False,False,True,False
Medium,Cybersecurity,67371.72777472783,1,1,0,33685.863887363914,False,True,False,False,False,False,False,False,False,False,False,False,False,False,False,True,False,False,False,False,False,False,False,True,False,False,False,False,False,False,True,True,False,True
Medium,Cybersecurity,84587.58840944126,1,1,0,42293.79420472063,True,False,False,False,False,False,False,False,False,False,False,False,False,True,False,False,False,False,False,False,False,False,False,True,False,False,False,False,False,False,False,False,True,False
High,Machine Learning,107851.79034228704,2,1,1,53925.89517114352,False,False,False,False,False,False,True,False,False,False,False,False,True,False,False,False,False,False,False,True,False,False,False,False,True,False,False,False,False,False,True,True,True,False
Medium,UX/UI Design,53450.51291894019,1,1,0,26725.256459470096,False,False,False,False,False,True,False,False,False,False,False,False,False,True,False,False,False,False,False,True,False,False,False,False,True,False,False,False,False,False,False,False,False,True
Medium,Python,88903.82730165044,1,1,1,44451.91365082522,True,False,False,False,False,False,False,False,False,True,False,False,False,False,False,False,False,False,True,False,False,False,True,False,False,False,False,False,False,False,False,True,False,True
Low,JavaScript,80516.4168684071,0,1,0,40258.20843420355,False,False,True,False,False,False,False,False,False,False,True,False,False,False,False,False,False,False,False,False,False,False,False,True,False,False,False,False,False,False,False,True,False,False
Medium,Project Management,116519.29348570466,1,1,0,58259.64674285233,False,False,False,False,False,False,False,False,True,False,False,False,True,False,False,False,False,False,False,False,True,False,False,False,False,False,False,False,False,False,False,False,False,False
Medium,Data Analysis,56461.83052061492,1,1,0,28230.91526030746,False,False,True,False,False,False,False,False,False,False,False,True,False,False,False,False,False,False,False,False,True,False,False,False,False,False,False,False,False,False,False,True,True,False
Low,Cybersecurity,91850.81230987245,0,1,0,45925.40615493622,False,False,False,False,False,False,True,False,False,False,False,True,False,False,False,False,False,False,True,False,False,False,True,False,False,False,False,False,False,False,False,True,True,False
Low,Marketing,82127.81125302812,0,1,0,41063.90562651406,False,False,False,False,False,True,False,False,False,False,False,False,False,False,False,True,False,False,False,True,True,False,False,False,False,False,False,False,False,False,False,False,False,False
High,UX/UI Design,119395.97852554575,2,1,0,59697.98926277288,False,False,False,False,True,False,False,False,False,True,False,False,False,False,False,False,False,False,True,False,False,False,False,False,False,True,False,False,False,False,True,False,False,False
Medium,Data Analysis,101953.052927065,1,1,0,50976.5264635325,False,False,False,False,False,False,True,False,False,False,False,False,False,False,False,False,False,False,False,True,False,False,False,False,False,False,False,False,False,True,False,False,False,True
Low,JavaScript,78283.6868148453,0,1,0,39141.84340742265,False,True,False,False,False,False,False,False,False,True,False,False,False,False,False,False,False,False,False,True,False,False,True,False,False,False,False,False,False,True,False,True,False,False
High,Sales,107067.72886658164,2,1,0,53533.86443329082,False,False,False,True,False,False,False,False,False,False,True,False,False,False,False,False,False,False,True,False,False,False,True,False,False,False,False,False,False,False,True,True,False,False
High,Project Management,82223.42293382852,2,1,0,41111.71146691426,False,False,False,False,False,False,True,False,False,False,False,False,False,True,False,False,False,False,False,True,False,True,False,False,False,False,False,False,False,False,True,True,True,False
Medium,Cybersecurity,109986.59422479507,1,1,0,54993.29711239754,False,False,False,False,False,False,False,False,True,False,False,True,False,False,False,False,False,False,False,True,False,False,False,False,False,False,False,True,False,False,True,False,False,False
Medium,Project Management,85258.46018228843,1,1,0,42629.230091144214,False,False,False,False,False,False,False,False,True,False,False,False,False,True,False,False,False,False,False,False,False,False,False,False,False,False,False,True,False,False,True,True,True,False
High,Data Analysis,111093.33157537528,2,1,0,55546.66578768764,False,False,False,False,False,False,True,False,False,False,False,False,False,True,False,False,False,False,False,True,False,False,False,False,False,True,False,False,False,False,False,True,False,False
Low,Project Management,98721.639102545,0,1,0,49360.8195512725,True,False,False,False,False,False,False,False,False,False,False,False,False,True,False,False,False,False,True,False,False,False,False,True,False,False,False,False,False,True,False,True,False,True
High,Sales,155209.82161382848,2,1,0,77604.91080691424,False,False,False,True,False,False,False,False,False,False,False,True,False,False,False,False,False,False,True,False,False,False,False,False,True,False,False,False,False,False,False,True,False,False
Medium,Data Analysis,88942.07989167991,1,1,0,44471.039945839955,False,True,False,False,False,False,False,False,False,False,False,False,False,False,False,False,True,False,False,True,False,False,False,False,True,False,False,False,False,True,False,True,False,False
Low,Cybersecurity,97657.24583242898,0,1,0,48828.62291621449,False,False,False,False,False,False,True,False,False,False,False,False,False,False,True,False,False,False,False,False,False,False,False,False,False,False,True,False,False,True,False,True,False,False
Low,Python,80411.50516568137,0,1,1,40205.75258284069,True,False,False,False,False,False,False,False,False,False,True,False,False,False,False,False,False,False,False,False,False,False,False,False,False,True,False,False,False,False,True,True,True,False
High,Marketing,90053.70681509557,2,1,0,45026.85340754779,False,False,False,False,False,False,False,False,True,False,False,False,False,False,False,False,True,False,False,True,False,False,True,False,False,False,False,False,False,False,False,False,False,True
Medium,Data Analysis,35963.29731701118,1,1,0,17981.64865850559,False,False,False,False,False,False,False,False,True,False,True,False,False,False,False,False,False,False,False,True,False,False,False,False,False,True,False,False,False,False,True,False,False,False
High,Communication,99311.68033082064,2,1,0,49655.84016541032,False,False,False,False,False,True,False,False,False,False,False,False,True,False,False,False,False,False,True,False,False,False,False,False,False,True,False,False,False,False,False,False,True,False
High,Sales,116857.48425898825,2,1,0,58428.74212949412,False,False,False,False,False,False,True,False,False,True,False,False,False,False,False,False,False,False,False,True,False,False,False,False,False,True,False,False,False,True,False,True,False,True
High,Data Analysis,97932.60009198709,2,1,0,48966.30004599354,False,False,False,True,False,False,False,False,False,True,False,False,False,False,False,False,False,False,False,False,False,False,False,False,False,False,False,True,False,False,True,True,True,False
Low,Data Analysis,63722.77084045245,0,1,0,31861.385420226226,False,False,False,False,False,False,False,True,False,False,False,False,False,False,False,False,False,True,False,True,False,False,False,False,False,True,False,False,False,False,True,False,True,False
Low,Communication,73964.25694581997,0,1,0,36982.128472909986,False,False,False,True,False,False,False,False,False,True,False,False,False,False,False,False,False,False,True,False,False,False,False,False,False,False,False,False,False,True,False,True,False,True
Medium,Cybersecurity,41396.15745687459,1,1,0,20698.078728437296,False,False,False,False,False,False,False,False,True,False,False,True,False,False,False,False,False,False,True,False,False,False,False,False,True,False,False,False,False,True,False,False,False,False
Medium,Data Analysis,109578.48013730848,1,1,0,54789.24006865424,False,False,False,False,False,False,False,False,True,False,False,False,False,False,False,False,False,False,True,False,False,False,False,False,False,False,True,False,False,True,False,True,True,False
High,Marketing,69869.7341458084,2,1,0,34934.8670729042,False,False,True,False,False,False,False,False,False,False,False,False,False,False,False,True,False,False,True,False,False,False,False,False,False,False,False,False,False,False,True,True,True,False
High,Project Management,89425.82819575544,2,1,0,44712.91409787772,False,False,False,False,False,False,False,False,True,False,False,False,False,False,False,False,False,True,True,False,False,False,False,False,False,False,True,False,False,False,False,False,False,False
High,Cybersecurity,86925.2485534556,2,1,0,43462.6242767278,False,True,False,False,False,False,False,False,False,False,False,False,False,False,False,True,False,False,False,True,False,True,False,False,False,False,False,False,False,False,True,False,False,False
Medium,Marketing,119754.54071316532,1,1,0,59877.27035658266,False,False,False,False,False,False,False,False,False,False,True,False,False,False,False,False,False,False,False,True,False,False,False,False,False,False,True,False,False,False,False,False,False,True
Low,Cybersecurity,91705.62635931476,0,1,0,45852.81317965738,False,False,False,False,False,False,True,False,False,False,False,False,False,False,False,True,False,False,False,True,False,False,False,False,True,False,False,False,False,False,True,False,False,True
Low,Marketing,106177.8584021202,0,1,0,53088.9292010601,False,False,False,True,False,False,False,False,False,False,False,False,False,False,False,True,False,False,False,True,False,False,False,False,True,False,False,False,False,False,True,False,False,True
High,Sales,100929.27528295324,2,1,0,50464.63764147662,False,False,False,False,False,False,False,False,False,False,False,False,False,False,False,False,False,True,True,False,False,False,False,False,False,True,False,False,False,True,False,True,False,False
High,Marketing,117188.22839922798,2,1,0,58594.11419961399,True,False,False,False,False,False,False,False,False,False,False,False,True,False,False,False,False,False,False,False,False,False,False,False,False,False,False,False,True,False,False,True,True,False
High,Machine Learning,85217.52610994082,2,1,1,42608.76305497041,False,False,False,False,False,False,False,True,False,False,False,False,False,True,False,False,False,False,False,True,False,True,False,False,False,False,False,False,False,False,True,True,True,False
High,Marketing,127392.30661009034,2,1,0,63696.15330504517,False,True,False,False,False,False,False,False,False,True,False,False,False,False,False,False,False,False,False,False,False,False,True,False,False,False,False,False,False,False,True,False,False,True
Medium,Python,50286.7568720137,1,1,1,25143.37843600685,False,False,False,True,False,False,False,False,False,True,False,False,False,False,False,False,False,False,False,True,True,False,False,False,False,False,False,False,False,True,False,False,False,False
Low,Python,107149.46996002473,0,1,1,53574.73498001236,False,False,False,False,False,False,False,False,False,False,False,True,False,False,False,False,False,False,False,True,False,False,False,False,False,False,True,False,False,True,False,False,True,False
High,UX/UI Design,72667.60782671736,2,1,0,36333.80391335868,False,False,False,False,False,False,False,True,False,False,False,False,False,False,False,False,False,True,False,False,False,False,False,False,False,False,False,False,True,False,False,False,False,True
Medium,Machine Learning,80145.00894440095,1,1,1,40072.504472200475,False,False,True,False,False,False,False,False,False,False,False,True,False,False,False,False,False,False,True,False,False,False,False,False,False,True,False,False,False,False,True,False,True,False
High,Machine Learning,101388.28533802072,2,1,1,50694.14266901036,False,True,False,False,False,False,False,False,False,False,False,False,False,False,False,False,False,False,False,True,False,False,False,False,False,False,False,True,False,False,False,False,True,False
High,Project Management,101228.04099695486,2,1,0,50614.02049847743,False,True,False,False,False,False,False,False,False,False,False,False,False,False,False,False,False,False,False,True,False,False,True,False,False,False,False,False,False,False,True,True,False,False
Low,Machine Learning,102128.56027380144,0,1,1,51064.28013690072,False,False,True,False,False,False,False,False,False,False,False,True,False,False,False,False,False,False,False,True,False,False,False,True,False,False,False,False,False,False,False,True,False,False
High,Project Management,62276.84111789524,2,1,0,31138.42055894762,False,False,False,False,False,False,True,False,False,False,False,False,False,False,False,False,False,True,False,False,False,False,False,False,False,False,False,False,True,True,False,True,True,False
Low,UX/UI Design,118980.6046255848,0,1,0,59490.3023127924,False,False,True,False,False,False,False,False,False,False,False,True,False,False,False,False,False,False,True,False,False,False,False,False,False,False,False,True,False,False,True,True,False,True
Low,UX/UI Design,71987.05763544649,0,1,0,35993.52881772324,False,True,False,False,False,False,False,False,False,True,False,False,False,False,False,False,False,False,False,False,False,True,False,False,False,False,False,False,False,False,False,True,False,False
Low,Sales,74654.25819549602,0,1,0,37327.12909774801,False,True,False,False,False,False,False,False,False,False,False,False,False,False,False,False,True,False,False,False,False,False,False,False,False,True,False,False,False,True,False,False,True,False
Medium,Python,102757.93476333655,1,1,1,51378.96738166828,False,False,False,False,False,False,False,False,False,False,False,False,False,False,True,False,False,False,True,False,False,False,True,False,False,False,False,False,False,True,False,False,False,False
Medium,Marketing,84265.57650477519,1,1,0,42132.788252387596,False,False,False,False,False,False,False,False,True,False,False,False,False,False,False,True,False,False,False,False,False,False,True,False,False,False,False,False,False,False,False,False,False,False
Low,Marketing,96165.21681124983,0,1,0,48082.60840562492,False,False,False,False,False,False,False,True,False,False,False,False,False,False,True,False,False,False,True,False,False,False,True,False,False,False,False,False,False,False,True,False,False,False
High,Communication,46867.98606734424,2,1,0,23433.99303367212,False,False,True,False,False,False,False,False,False,False,False,False,False,False,False,False,False,True,False,True,False,True,False,False,False,False,False,False,False,False,True,False,True,False
Low,Communication,95686.48899038463,0,1,0,47843.24449519232,False,False,False,False,False,False,False,True,False,False,False,False,False,False,True,False,False,False,True,False,False,False,False,False,False,False,True,False,False,True,False,False,False,True
High,JavaScript,94356.6375902443,2,1,0,47178.31879512215,False,False,True,False,False,False,False,False,False,False,False,False,False,False,False,False,False,False,False,True,False,False,False,True,False,False,False,False,False,False,True,True,False,True
Low,Cybersecurity,79802.82924471433,0,1,0,39901.414622357166,True,False,False,False,False,False,False,False,False,False,True,False,False,False,False,False,False,False,False,False,False,True,False,False,False,False,False,False,False,False,True,False,False,True
High,Sales,48518.48080470421,2,1,0,24259.240402352105,False,True,False,False,False,False,False,False,False,False,False,False,False,False,False,True,False,False,False,False,True,False,False,False,False,False,False,False,False,False,True,False,False,False
Medium,JavaScript,85743.8347703679,1,1,0,42871.91738518395,False,False,False,False,False,False,False,False,True,False,False,False,False,True,False,False,False,False,False,True,False,False,False,True,False,False,False,False,False,True,False,False,True,False
High,JavaScript,89252.52280402774,2,1,0,44626.26140201387,False,False,False,False,False,False,False,False,False,False,False,False,False,False,False,False,False,True,False,False,False,False,False,False,True,False,False,False,False,False,False,False,False,False
Low,Data Analysis,82655.4201933901,0,1,0,41327.71009669505,False,False,False,False,False,False,False,False,True,False,False,False,False,False,False,True,False,False,True,False,False,False,False,False,False,True,False,False,False,False,True,True,False,True
Medium,Data Analysis,53276.51071135004,1,1,0,26638.25535567502,False,False,False,False,False,False,False,False,True,False,False,False,False,False,True,False,False,False,False,True,False,True,False,False,False,False,False,False,False,True,False,True,False,True
High,JavaScript,121894.68014633832,2,1,0,60947.34007316916,False,False,False,False,False,False,False,False,True,False,False,False,False,False,False,False,False,False,False,False,False,False,False,False,False,False,False,True,False,True,False,False,True,False
High,Machine Learning,77222.76944111254,2,1,1,38611.38472055627,False,False,False,False,False,False,False,True,False,False,False,False,True,False,False,False,False,False,False,True,False,False,False,True,False,False,False,False,False,False,False,True,False,False
High,Cybersecurity,85555.90674154198,2,1,0,42777.95337077099,False,False,True,False,False,False,False,False,False,False,False,False,False,False,False,False,True,False,True,False,True,False,False,False,False,False,False,False,False,False,True,True,False,True
High,Sales,41810.51357563419,2,1,0,20905.256787817096,False,False,False,False,True,False,False,False,False,False,False,False,False,True,False,False,False,False,True,False,False,False,False,False,True,False,False,False,False,False,True,False,True,False
High,JavaScript,121897.10697396414,2,1,0,60948.55348698207,True,False,False,False,False,False,False,False,False,False,False,False,False,False,False,False,True,False,False,False,False,False,False,False,False,False,True,False,False,False,False,False,False,False
Medium,Marketing,80669.00136531888,1,1,0,40334.50068265944,False,False,False,True,False,False,False,False,False,False,False,False,False,False,False,True,False,False,True,False,False,False,False,False,False,False,False,True,False,False,False,False,False,False
Medium,Cybersecurity,91969.25634148406,1,1,0,45984.62817074203,False,False,False,False,False,False,False,False,True,False,False,False,False,False,False,False,False,False,False,True,False,False,False,True,False,False,False,False,False,True,False,False,False,True
Medium,Data Analysis,112414.74889633304,1,1,0,56207.37444816652,False,False,False,False,False,False,True,False,False,False,False,False,False,False,False,False,False,False,True,False,False,False,False,False,False,True,False,False,False,True,False,False,False,True
Medium,Marketing,76473.91590566748,1,1,0,38236.95795283374,False,False,False,False,False,False,False,True,False,False,False,False,False,False,True,False,False,False,False,True,False,False,False,False,False,False,False,True,False,False,False,True,False,False
Low,Data Analysis,109264.89974773087,0,1,0,54632.44987386544,False,False,False,False,False,False,False,False,False,True,False,False,False,False,False,False,False,False,False,True,False,False,False,False,True,False,False,False,False,False,True,False,False,False
Medium,Data Analysis,48773.49088117717,1,1,0,24386.745440588584,False,False,False,True,False,False,False,False,False,False,False,False,False,False,True,False,False,False,True,False,False,False,False,False,False,False,False,True,False,True,False,False,False,True
High,Cybersecurity,101019.73315142626,2,1,0,50509.86657571313,False,False,False,False,True,False,False,False,False,True,False,False,False,False,False,False,False,False,False,False,False,False,False,False,False,False,False,False,False,True,False,False,False,False
High,Data Analysis,121444.84333039304,2,1,0,60722.42166519652,False,False,False,False,False,False,True,False,False,True,False,False,False,False,False,False,False,False,True,False,False,False,False,False,False,False,False,False,True,False,True,True,False,True
Medium,UX/UI Design,78391.66305563941,1,1,0,39195.831527819704,False,False,False,False,True,False,False,False,False,False,False,False,False,True,False,False,False,False,False,True,False,False,False,False,False,False,True,False,False,True,False,False,False,False
High,Python,112377.63240596798,2,1,1,56188.81620298399,False,False,False,True,False,False,False,False,False,False,False,False,False,False,True,False,False,False,False,True,False,False,False,False,True,False,False,False,False,False,True,False,False,True
Medium,UX/UI Design,126678.45304387566,1,1,0,63339.22652193783,False,False,False,False,False,False,False,False,True,False,False,False,True,False,False,False,False,False,True,False,False,False,False,False,False,False,False,True,False,False,True,False,True,False
High,Python,84903.16323891962,2,1,1,42451.58161945981,False,False,False,False,False,False,True,False,False,False,False,True,False,False,False,False,False,False,False,False,False,False,False,False,False,False,False,False,True,False,True,True,False,True
Low,Communication,83249.43428300279,0,1,0,41624.717141501395,False,False,False,False,True,False,False,False,False,False,False,True,False,False,False,False,False,False,False,False,False,False,False,False,False,False,False,False,True,False,False,False,False,True
Low,Communication,72034.12508335392,0,1,0,36017.06254167696,False,False,False,False,False,False,False,False,False,False,False,False,False,False,True,False,False,False,False,True,False,False,False,False,False,False,False,True,False,False,False,False,True,False
Medium,Data Analysis,79805.39689629733,1,1,0,39902.698448148665,False,False,True,False,False,False,False,False,False,False,False,False,False,False,True,False,False,False,False,True,False,False,False,False,False,True,False,False,False,False,False,False,False,False
Medium,Sales,73692.80219454759,1,1,0,36846.401097273796,False,True,False,False,False,False,False,False,False,False,False,False,False,False,False,False,True,False,False,False,False,False,False,False,False,False,False,False,False,False,True,True,True,False
Medium,Sales,72017.77803145545,1,1,0,36008.88901572773,False,False,True,False,False,False,False,False,False,False,False,False,False,True,False,False,False,False,True,False,False,True,False,False,False,False,False,False,False,False,True,False,False,True
High,Python,113976.70593422712,2,1,1,56988.35296711356,False,False,False,True,False,False,False,False,False,False,False,False,False,False,True,False,False,False,False,True,False,False,False,False,False,False,False,False,False,False,False,False,False,False
Medium,Marketing,74201.47949423481,1,1,0,37100.739747117404,False,False,False,False,False,False,False,True,False,False,False,False,False,False,False,False,True,False,False,True,False,False,False,False,False,False,False,True,False,True,False,False,True,False
Low,Cybersecurity,95170.43829439246,0,1,0,47585.21914719623,False,True,False,False,False,False,False,False,False,True,False,False,False,False,False,False,False,False,False,False,False,False,False,False,False,False,True,False,False,False,True,True,False,False
High,Data Analysis,90764.66870432477,2,1,0,45382.33435216238,True,False,False,False,False,False,False,False,False,False,False,False,False,False,False,False,False,False,True,False,False,True,False,False,False,False,False,False,False,True,False,False,False,False
Medium,Cybersecurity,119961.89125142244,1,1,0,59980.94562571122,False,False,False,False,False,False,False,False,False,False,False,False,False,False,False,False,False,False,False,False,False,False,False,False,True,False,False,False,False,True,False,False,True,False
High,UX/UI Design,79936.87535889974,2,1,0,39968.43767944987,True,False,False,False,False,False,False,False,False,True,False,False,False,False,False,False,False,False,True,False,False,False,False,False,False,False,False,False,False,False,True,False,False,False
High,Sales,97622.96093308643,2,1,0,48811.48046654322,False,False,False,False,False,False,True,False,False,False,False,False,False,False,False,False,False,True,True,False,False,False,False,False,False,False,False,True,False,False,True,True,True,False
Medium,Machine Learning,105821.3940455222,1,1,1,52910.6970227611,False,True,False,False,False,False,False,False,False,False,False,False,False,False,False,False,True,False,True,False,False,False,False,False,False,False,False,False,False,True,False,True,False,True
High,UX/UI Design,119794.99214641162,2,1,0,59897.49607320581,True,False,False,False,False,False,False,False,False,False,False,False,False,False,False,False,True,False,False,True,False,True,False,False,False,False,False,False,False,True,False,False,False,False
Low,UX/UI Design,79644.93309909466,0,1,0,39822.46654954733,True,False,False,False,False,False,False,False,False,True,False,False,False,False,False,False,False,False,False,False,True,False,False,False,False,False,False,False,False,False,False,True,False,True
Low,Python,77642.1506253524,0,1,1,38821.0753126762,False,False,False,False,True,False,False,False,False,False,False,False,True,False,False,False,False,False,False,False,False,False,False,True,False,False,False,False,False,False,False,True,False,True
High,Project Management,68764.37892079895,2,1,0,34382.18946039947,False,False,True,False,False,False,False,False,False,False,True,False,False,False,False,False,False,False,True,False,False,False,False,False,False,False,False,False,False,False,True,True,False,False
